{"timestamp":"2026-04-10T10:51:23.381302Z","level":"info","event":"Filling up the DagBag from /opt/airflow/dags/read_rss.py","logger":"airflow.dag_processing.dagbag.BundleDagBag","filename":"dagbag.py","lineno":469}
{"timestamp":"2026-04-10T10:51:23.410762Z","level":"error","event":"Failed to import: /opt/airflow/dags/read_rss.py","logger":"airflow.dag_processing.importers.python_importer","filename":"python_importer.py","lineno":244,"error_detail":[{"exc_type":"ModuleNotFoundError","exc_value":"No module named 'operators.rss_consumer'","exc_notes":[],"syntax_error":null,"is_cause":false,"frames":[{"filename":"/home/airflow/.local/lib/python3.14/site-packages/airflow/dag_processing/importers/python_importer.py","lineno":238,"name":"parse"},{"filename":"<frozen importlib._bootstrap_external>","lineno":759,"name":"exec_module"},{"filename":"<frozen importlib._bootstrap>","lineno":491,"name":"_call_with_frames_removed"},{"filename":"/opt/airflow/dags/read_rss.py","lineno":9,"name":"<module>"}],"is_group":false,"exceptions":[]}]}
{"timestamp":"2026-04-10T10:51:23.411697Z","level":"error","event":"Error loading DAG from read_rss.py: No module named 'operators.rss_consumer'","logger":"airflow.dag_processing.dagbag.BundleDagBag","filename":"dagbag.py","lineno":327}
{"timestamp":"2026-04-10T10:51:23.411826Z","level":"warning","event":"The `airflow.operators.python.PythonOperator` attribute is deprecated. Please use `'airflow.providers.standard.operators.python.PythonOperator'`.","category":"UserWarning","filename":"/opt/airflow/dags/read_rss.py","lineno":3,"logger":"py.warnings"}
{"timestamp":"2026-04-10T10:51:54.019521Z","level":"info","event":"Filling up the DagBag from /opt/airflow/dags/read_rss.py","logger":"airflow.dag_processing.dagbag.BundleDagBag","filename":"dagbag.py","lineno":469}
{"timestamp":"2026-04-10T10:51:54.043628Z","level":"error","event":"Failed to import: /opt/airflow/dags/read_rss.py","logger":"airflow.dag_processing.importers.python_importer","filename":"python_importer.py","lineno":244,"error_detail":[{"exc_type":"ModuleNotFoundError","exc_value":"No module named 'operators.rss_consumer'","exc_notes":[],"syntax_error":null,"is_cause":false,"frames":[{"filename":"/home/airflow/.local/lib/python3.14/site-packages/airflow/dag_processing/importers/python_importer.py","lineno":238,"name":"parse"},{"filename":"<frozen importlib._bootstrap_external>","lineno":759,"name":"exec_module"},{"filename":"<frozen importlib._bootstrap>","lineno":491,"name":"_call_with_frames_removed"},{"filename":"/opt/airflow/dags/read_rss.py","lineno":9,"name":"<module>"}],"is_group":false,"exceptions":[]}]}
{"timestamp":"2026-04-10T10:51:54.045323Z","level":"error","event":"Error loading DAG from read_rss.py: No module named 'operators.rss_consumer'","logger":"airflow.dag_processing.dagbag.BundleDagBag","filename":"dagbag.py","lineno":327}
{"timestamp":"2026-04-10T10:51:54.045410Z","level":"warning","event":"The `airflow.operators.python.PythonOperator` attribute is deprecated. Please use `'airflow.providers.standard.operators.python.PythonOperator'`.","category":"UserWarning","filename":"/opt/airflow/dags/read_rss.py","lineno":3,"logger":"py.warnings"}
{"timestamp":"2026-04-10T10:52:24.817564Z","level":"info","event":"Filling up the DagBag from /opt/airflow/dags/read_rss.py","logger":"airflow.dag_processing.dagbag.BundleDagBag","filename":"dagbag.py","lineno":469}
{"timestamp":"2026-04-10T10:52:24.892735Z","level":"warning","event":"The `airflow.operators.python.PythonOperator` attribute is deprecated. Please use `'airflow.providers.standard.operators.python.PythonOperator'`.","category":"UserWarning","filename":"/opt/airflow/dags/read_rss.py","lineno":3,"logger":"py.warnings"}
{"timestamp":"2026-04-10T10:52:55.812737Z","level":"info","event":"Filling up the DagBag from /opt/airflow/dags/read_rss.py","logger":"airflow.dag_processing.dagbag.BundleDagBag","filename":"dagbag.py","lineno":469}
{"timestamp":"2026-04-10T10:52:56.180632Z","level":"warning","event":"The `airflow.operators.python.PythonOperator` attribute is deprecated. Please use `'airflow.providers.standard.operators.python.PythonOperator'`.","category":"UserWarning","filename":"/opt/airflow/dags/read_rss.py","lineno":3,"logger":"py.warnings"}
{"timestamp":"2026-04-10T10:53:26.709286Z","level":"info","event":"Filling up the DagBag from /opt/airflow/dags/read_rss.py","logger":"airflow.dag_processing.dagbag.BundleDagBag","filename":"dagbag.py","lineno":469}
{"timestamp":"2026-04-10T10:53:26.886819Z","level":"warning","event":"The `airflow.operators.python.PythonOperator` attribute is deprecated. Please use `'airflow.providers.standard.operators.python.PythonOperator'`.","category":"UserWarning","filename":"/opt/airflow/dags/read_rss.py","lineno":3,"logger":"py.warnings"}
{"timestamp":"2026-04-10T10:53:57.444453Z","level":"info","event":"Filling up the DagBag from /opt/airflow/dags/read_rss.py","logger":"airflow.dag_processing.dagbag.BundleDagBag","filename":"dagbag.py","lineno":469}
{"timestamp":"2026-04-10T10:53:57.540338Z","level":"warning","event":"The `airflow.operators.python.PythonOperator` attribute is deprecated. Please use `'airflow.providers.standard.operators.python.PythonOperator'`.","category":"UserWarning","filename":"/opt/airflow/dags/read_rss.py","lineno":3,"logger":"py.warnings"}
{"timestamp":"2026-04-10T10:54:28.122116Z","level":"info","event":"Filling up the DagBag from /opt/airflow/dags/read_rss.py","logger":"airflow.dag_processing.dagbag.BundleDagBag","filename":"dagbag.py","lineno":469}
{"timestamp":"2026-04-10T10:54:28.215694Z","level":"warning","event":"The `airflow.operators.python.PythonOperator` attribute is deprecated. Please use `'airflow.providers.standard.operators.python.PythonOperator'`.","category":"UserWarning","filename":"/opt/airflow/dags/read_rss.py","lineno":3,"logger":"py.warnings"}
{"timestamp":"2026-04-10T10:54:58.775850Z","level":"info","event":"Filling up the DagBag from /opt/airflow/dags/read_rss.py","logger":"airflow.dag_processing.dagbag.BundleDagBag","filename":"dagbag.py","lineno":469}
{"timestamp":"2026-04-10T10:54:58.874951Z","level":"warning","event":"The `airflow.operators.python.PythonOperator` attribute is deprecated. Please use `'airflow.providers.standard.operators.python.PythonOperator'`.","category":"UserWarning","filename":"/opt/airflow/dags/read_rss.py","lineno":3,"logger":"py.warnings"}
{"timestamp":"2026-04-10T10:55:29.583529Z","level":"info","event":"Filling up the DagBag from /opt/airflow/dags/read_rss.py","logger":"airflow.dag_processing.dagbag.BundleDagBag","filename":"dagbag.py","lineno":469}
{"timestamp":"2026-04-10T10:55:29.662465Z","level":"warning","event":"The `airflow.operators.python.PythonOperator` attribute is deprecated. Please use `'airflow.providers.standard.operators.python.PythonOperator'`.","category":"UserWarning","filename":"/opt/airflow/dags/read_rss.py","lineno":3,"logger":"py.warnings"}
{"timestamp":"2026-04-10T10:56:00.264259Z","level":"info","event":"Filling up the DagBag from /opt/airflow/dags/read_rss.py","logger":"airflow.dag_processing.dagbag.BundleDagBag","filename":"dagbag.py","lineno":469}
{"timestamp":"2026-04-10T10:56:00.428018Z","level":"warning","event":"The `airflow.operators.python.PythonOperator` attribute is deprecated. Please use `'airflow.providers.standard.operators.python.PythonOperator'`.","category":"UserWarning","filename":"/opt/airflow/dags/read_rss.py","lineno":3,"logger":"py.warnings"}
{"timestamp":"2026-04-10T10:56:30.989322Z","level":"info","event":"Filling up the DagBag from /opt/airflow/dags/read_rss.py","logger":"airflow.dag_processing.dagbag.BundleDagBag","filename":"dagbag.py","lineno":469}
{"timestamp":"2026-04-10T10:56:31.067263Z","level":"warning","event":"The `airflow.operators.python.PythonOperator` attribute is deprecated. Please use `'airflow.providers.standard.operators.python.PythonOperator'`.","category":"UserWarning","filename":"/opt/airflow/dags/read_rss.py","lineno":3,"logger":"py.warnings"}
{"timestamp":"2026-04-10T10:57:01.607694Z","level":"info","event":"Filling up the DagBag from /opt/airflow/dags/read_rss.py","logger":"airflow.dag_processing.dagbag.BundleDagBag","filename":"dagbag.py","lineno":469}
{"timestamp":"2026-04-10T10:57:01.717288Z","level":"warning","event":"The `airflow.operators.python.PythonOperator` attribute is deprecated. Please use `'airflow.providers.standard.operators.python.PythonOperator'`.","category":"UserWarning","filename":"/opt/airflow/dags/read_rss.py","lineno":3,"logger":"py.warnings"}
{"timestamp":"2026-04-10T10:57:31.816307Z","level":"info","event":"Filling up the DagBag from /opt/airflow/dags/read_rss.py","logger":"airflow.dag_processing.dagbag.BundleDagBag","filename":"dagbag.py","lineno":469}
{"timestamp":"2026-04-10T10:57:31.994404Z","level":"warning","event":"The `airflow.operators.python.PythonOperator` attribute is deprecated. Please use `'airflow.providers.standard.operators.python.PythonOperator'`.","category":"UserWarning","filename":"/opt/airflow/dags/read_rss.py","lineno":3,"logger":"py.warnings"}
{"timestamp":"2026-04-10T10:58:02.844895Z","level":"info","event":"Filling up the DagBag from /opt/airflow/dags/read_rss.py","logger":"airflow.dag_processing.dagbag.BundleDagBag","filename":"dagbag.py","lineno":469}
{"timestamp":"2026-04-10T10:58:02.988094Z","level":"warning","event":"The `airflow.operators.python.PythonOperator` attribute is deprecated. Please use `'airflow.providers.standard.operators.python.PythonOperator'`.","category":"UserWarning","filename":"/opt/airflow/dags/read_rss.py","lineno":3,"logger":"py.warnings"}
{"timestamp":"2026-04-10T10:58:33.695119Z","level":"info","event":"Filling up the DagBag from /opt/airflow/dags/read_rss.py","logger":"airflow.dag_processing.dagbag.BundleDagBag","filename":"dagbag.py","lineno":469}
{"timestamp":"2026-04-10T10:58:33.868899Z","level":"warning","event":"The `airflow.operators.python.PythonOperator` attribute is deprecated. Please use `'airflow.providers.standard.operators.python.PythonOperator'`.","category":"UserWarning","filename":"/opt/airflow/dags/read_rss.py","lineno":3,"logger":"py.warnings"}
{"timestamp":"2026-04-10T10:59:04.431876Z","level":"info","event":"Filling up the DagBag from /opt/airflow/dags/read_rss.py","logger":"airflow.dag_processing.dagbag.BundleDagBag","filename":"dagbag.py","lineno":469}
{"timestamp":"2026-04-10T10:59:04.511065Z","level":"warning","event":"The `airflow.operators.python.PythonOperator` attribute is deprecated. Please use `'airflow.providers.standard.operators.python.PythonOperator'`.","category":"UserWarning","filename":"/opt/airflow/dags/read_rss.py","lineno":3,"logger":"py.warnings"}
{"timestamp":"2026-04-10T10:59:35.083412Z","level":"info","event":"Filling up the DagBag from /opt/airflow/dags/read_rss.py","logger":"airflow.dag_processing.dagbag.BundleDagBag","filename":"dagbag.py","lineno":469}
{"timestamp":"2026-04-10T10:59:35.174357Z","level":"warning","event":"The `airflow.operators.python.PythonOperator` attribute is deprecated. Please use `'airflow.providers.standard.operators.python.PythonOperator'`.","category":"UserWarning","filename":"/opt/airflow/dags/read_rss.py","lineno":3,"logger":"py.warnings"}
{"timestamp":"2026-04-10T11:00:05.696016Z","level":"info","event":"Filling up the DagBag from /opt/airflow/dags/read_rss.py","logger":"airflow.dag_processing.dagbag.BundleDagBag","filename":"dagbag.py","lineno":469}
{"timestamp":"2026-04-10T11:00:05.775224Z","level":"warning","event":"The `airflow.operators.python.PythonOperator` attribute is deprecated. Please use `'airflow.providers.standard.operators.python.PythonOperator'`.","category":"UserWarning","filename":"/opt/airflow/dags/read_rss.py","lineno":3,"logger":"py.warnings"}
{"timestamp":"2026-04-10T11:00:36.251670Z","level":"info","event":"Filling up the DagBag from /opt/airflow/dags/read_rss.py","logger":"airflow.dag_processing.dagbag.BundleDagBag","filename":"dagbag.py","lineno":469}
{"timestamp":"2026-04-10T11:00:36.367679Z","level":"warning","event":"The `airflow.operators.python.PythonOperator` attribute is deprecated. Please use `'airflow.providers.standard.operators.python.PythonOperator'`.","category":"UserWarning","filename":"/opt/airflow/dags/read_rss.py","lineno":3,"logger":"py.warnings"}
{"timestamp":"2026-04-10T11:01:06.906454Z","level":"info","event":"Filling up the DagBag from /opt/airflow/dags/read_rss.py","logger":"airflow.dag_processing.dagbag.BundleDagBag","filename":"dagbag.py","lineno":469}
{"timestamp":"2026-04-10T11:01:06.992941Z","level":"warning","event":"The `airflow.operators.python.PythonOperator` attribute is deprecated. Please use `'airflow.providers.standard.operators.python.PythonOperator'`.","category":"UserWarning","filename":"/opt/airflow/dags/read_rss.py","lineno":3,"logger":"py.warnings"}
{"timestamp":"2026-04-10T11:01:37.525583Z","level":"info","event":"Filling up the DagBag from /opt/airflow/dags/read_rss.py","logger":"airflow.dag_processing.dagbag.BundleDagBag","filename":"dagbag.py","lineno":469}
{"timestamp":"2026-04-10T11:01:37.607069Z","level":"warning","event":"The `airflow.operators.python.PythonOperator` attribute is deprecated. Please use `'airflow.providers.standard.operators.python.PythonOperator'`.","category":"UserWarning","filename":"/opt/airflow/dags/read_rss.py","lineno":3,"logger":"py.warnings"}
{"timestamp":"2026-04-10T12:04:25.336145Z","level":"info","event":"Filling up the DagBag from /opt/airflow/dags/read_rss.py","logger":"airflow.dag_processing.dagbag.BundleDagBag","filename":"dagbag.py","lineno":469}
{"timestamp":"2026-04-10T12:04:25.520646Z","level":"warning","event":"The `airflow.operators.python.PythonOperator` attribute is deprecated. Please use `'airflow.providers.standard.operators.python.PythonOperator'`.","category":"UserWarning","filename":"/opt/airflow/dags/read_rss.py","lineno":3,"logger":"py.warnings"}
{"timestamp":"2026-04-10T12:04:55.889316Z","level":"info","event":"Filling up the DagBag from /opt/airflow/dags/read_rss.py","logger":"airflow.dag_processing.dagbag.BundleDagBag","filename":"dagbag.py","lineno":469}
{"timestamp":"2026-04-10T12:04:56.031558Z","level":"warning","event":"The `airflow.operators.python.PythonOperator` attribute is deprecated. Please use `'airflow.providers.standard.operators.python.PythonOperator'`.","category":"UserWarning","filename":"/opt/airflow/dags/read_rss.py","lineno":3,"logger":"py.warnings"}
{"timestamp":"2026-04-10T12:05:26.389512Z","level":"info","event":"Filling up the DagBag from /opt/airflow/dags/read_rss.py","logger":"airflow.dag_processing.dagbag.BundleDagBag","filename":"dagbag.py","lineno":469}
{"timestamp":"2026-04-10T12:05:26.506933Z","level":"warning","event":"The `airflow.operators.python.PythonOperator` attribute is deprecated. Please use `'airflow.providers.standard.operators.python.PythonOperator'`.","category":"UserWarning","filename":"/opt/airflow/dags/read_rss.py","lineno":3,"logger":"py.warnings"}
{"timestamp":"2026-04-10T12:05:56.930038Z","level":"info","event":"Filling up the DagBag from /opt/airflow/dags/read_rss.py","logger":"airflow.dag_processing.dagbag.BundleDagBag","filename":"dagbag.py","lineno":469}
{"timestamp":"2026-04-10T12:05:57.093784Z","level":"warning","event":"The `airflow.operators.python.PythonOperator` attribute is deprecated. Please use `'airflow.providers.standard.operators.python.PythonOperator'`.","category":"UserWarning","filename":"/opt/airflow/dags/read_rss.py","lineno":3,"logger":"py.warnings"}
{"timestamp":"2026-04-10T12:06:27.562996Z","level":"info","event":"Filling up the DagBag from /opt/airflow/dags/read_rss.py","logger":"airflow.dag_processing.dagbag.BundleDagBag","filename":"dagbag.py","lineno":469}
{"timestamp":"2026-04-10T12:06:27.693683Z","level":"warning","event":"The `airflow.operators.python.PythonOperator` attribute is deprecated. Please use `'airflow.providers.standard.operators.python.PythonOperator'`.","category":"UserWarning","filename":"/opt/airflow/dags/read_rss.py","lineno":3,"logger":"py.warnings"}
{"timestamp":"2026-04-10T12:06:58.073786Z","level":"info","event":"Filling up the DagBag from /opt/airflow/dags/read_rss.py","logger":"airflow.dag_processing.dagbag.BundleDagBag","filename":"dagbag.py","lineno":469}
{"timestamp":"2026-04-10T12:06:58.229317Z","level":"warning","event":"The `airflow.operators.python.PythonOperator` attribute is deprecated. Please use `'airflow.providers.standard.operators.python.PythonOperator'`.","category":"UserWarning","filename":"/opt/airflow/dags/read_rss.py","lineno":3,"logger":"py.warnings"}
{"timestamp":"2026-04-10T12:07:28.607940Z","level":"info","event":"Filling up the DagBag from /opt/airflow/dags/read_rss.py","logger":"airflow.dag_processing.dagbag.BundleDagBag","filename":"dagbag.py","lineno":469}
{"timestamp":"2026-04-10T12:07:28.750560Z","level":"warning","event":"The `airflow.operators.python.PythonOperator` attribute is deprecated. Please use `'airflow.providers.standard.operators.python.PythonOperator'`.","category":"UserWarning","filename":"/opt/airflow/dags/read_rss.py","lineno":3,"logger":"py.warnings"}
{"timestamp":"2026-04-10T12:07:59.284338Z","level":"info","event":"Filling up the DagBag from /opt/airflow/dags/read_rss.py","logger":"airflow.dag_processing.dagbag.BundleDagBag","filename":"dagbag.py","lineno":469}
{"timestamp":"2026-04-10T12:07:59.420809Z","level":"warning","event":"The `airflow.operators.python.PythonOperator` attribute is deprecated. Please use `'airflow.providers.standard.operators.python.PythonOperator'`.","category":"UserWarning","filename":"/opt/airflow/dags/read_rss.py","lineno":3,"logger":"py.warnings"}
{"timestamp":"2026-04-10T12:08:29.787163Z","level":"info","event":"Filling up the DagBag from /opt/airflow/dags/read_rss.py","logger":"airflow.dag_processing.dagbag.BundleDagBag","filename":"dagbag.py","lineno":469}
{"timestamp":"2026-04-10T12:08:29.937341Z","level":"warning","event":"The `airflow.operators.python.PythonOperator` attribute is deprecated. Please use `'airflow.providers.standard.operators.python.PythonOperator'`.","category":"UserWarning","filename":"/opt/airflow/dags/read_rss.py","lineno":3,"logger":"py.warnings"}
{"timestamp":"2026-04-10T12:09:00.327186Z","level":"info","event":"Filling up the DagBag from /opt/airflow/dags/read_rss.py","logger":"airflow.dag_processing.dagbag.BundleDagBag","filename":"dagbag.py","lineno":469}
{"timestamp":"2026-04-10T12:09:00.466822Z","level":"warning","event":"The `airflow.operators.python.PythonOperator` attribute is deprecated. Please use `'airflow.providers.standard.operators.python.PythonOperator'`.","category":"UserWarning","filename":"/opt/airflow/dags/read_rss.py","lineno":3,"logger":"py.warnings"}
{"timestamp":"2026-04-10T12:09:30.913537Z","level":"info","event":"Filling up the DagBag from /opt/airflow/dags/read_rss.py","logger":"airflow.dag_processing.dagbag.BundleDagBag","filename":"dagbag.py","lineno":469}
{"timestamp":"2026-04-10T12:09:31.087873Z","level":"warning","event":"The `airflow.operators.python.PythonOperator` attribute is deprecated. Please use `'airflow.providers.standard.operators.python.PythonOperator'`.","category":"UserWarning","filename":"/opt/airflow/dags/read_rss.py","lineno":3,"logger":"py.warnings"}
{"timestamp":"2026-04-10T12:10:01.435302Z","level":"info","event":"Filling up the DagBag from /opt/airflow/dags/read_rss.py","logger":"airflow.dag_processing.dagbag.BundleDagBag","filename":"dagbag.py","lineno":469}
{"timestamp":"2026-04-10T12:10:01.631585Z","level":"warning","event":"The `airflow.operators.python.PythonOperator` attribute is deprecated. Please use `'airflow.providers.standard.operators.python.PythonOperator'`.","category":"UserWarning","filename":"/opt/airflow/dags/read_rss.py","lineno":3,"logger":"py.warnings"}
{"timestamp":"2026-04-10T12:10:32.048113Z","level":"info","event":"Filling up the DagBag from /opt/airflow/dags/read_rss.py","logger":"airflow.dag_processing.dagbag.BundleDagBag","filename":"dagbag.py","lineno":469}
{"timestamp":"2026-04-10T12:10:32.166917Z","level":"warning","event":"The `airflow.operators.python.PythonOperator` attribute is deprecated. Please use `'airflow.providers.standard.operators.python.PythonOperator'`.","category":"UserWarning","filename":"/opt/airflow/dags/read_rss.py","lineno":3,"logger":"py.warnings"}
{"timestamp":"2026-04-10T12:11:02.619124Z","level":"info","event":"Filling up the DagBag from /opt/airflow/dags/read_rss.py","logger":"airflow.dag_processing.dagbag.BundleDagBag","filename":"dagbag.py","lineno":469}
{"timestamp":"2026-04-10T12:11:02.797226Z","level":"warning","event":"The `airflow.operators.python.PythonOperator` attribute is deprecated. Please use `'airflow.providers.standard.operators.python.PythonOperator'`.","category":"UserWarning","filename":"/opt/airflow/dags/read_rss.py","lineno":3,"logger":"py.warnings"}
{"timestamp":"2026-04-10T12:11:33.198211Z","level":"info","event":"Filling up the DagBag from /opt/airflow/dags/read_rss.py","logger":"airflow.dag_processing.dagbag.BundleDagBag","filename":"dagbag.py","lineno":469}
{"timestamp":"2026-04-10T12:11:33.340912Z","level":"warning","event":"The `airflow.operators.python.PythonOperator` attribute is deprecated. Please use `'airflow.providers.standard.operators.python.PythonOperator'`.","category":"UserWarning","filename":"/opt/airflow/dags/read_rss.py","lineno":3,"logger":"py.warnings"}
{"timestamp":"2026-04-10T12:12:03.759259Z","level":"info","event":"Filling up the DagBag from /opt/airflow/dags/read_rss.py","logger":"airflow.dag_processing.dagbag.BundleDagBag","filename":"dagbag.py","lineno":469}
{"timestamp":"2026-04-10T12:12:03.894551Z","level":"warning","event":"The `airflow.operators.python.PythonOperator` attribute is deprecated. Please use `'airflow.providers.standard.operators.python.PythonOperator'`.","category":"UserWarning","filename":"/opt/airflow/dags/read_rss.py","lineno":3,"logger":"py.warnings"}
{"timestamp":"2026-04-10T12:12:34.248561Z","level":"info","event":"Filling up the DagBag from /opt/airflow/dags/read_rss.py","logger":"airflow.dag_processing.dagbag.BundleDagBag","filename":"dagbag.py","lineno":469}
{"timestamp":"2026-04-10T12:12:34.345300Z","level":"warning","event":"The `airflow.operators.python.PythonOperator` attribute is deprecated. Please use `'airflow.providers.standard.operators.python.PythonOperator'`.","category":"UserWarning","filename":"/opt/airflow/dags/read_rss.py","lineno":3,"logger":"py.warnings"}
{"timestamp":"2026-04-10T12:13:04.719462Z","level":"info","event":"Filling up the DagBag from /opt/airflow/dags/read_rss.py","logger":"airflow.dag_processing.dagbag.BundleDagBag","filename":"dagbag.py","lineno":469}
{"timestamp":"2026-04-10T12:13:04.836713Z","level":"warning","event":"The `airflow.operators.python.PythonOperator` attribute is deprecated. Please use `'airflow.providers.standard.operators.python.PythonOperator'`.","category":"UserWarning","filename":"/opt/airflow/dags/read_rss.py","lineno":3,"logger":"py.warnings"}
{"timestamp":"2026-04-10T12:13:35.340978Z","level":"info","event":"Filling up the DagBag from /opt/airflow/dags/read_rss.py","logger":"airflow.dag_processing.dagbag.BundleDagBag","filename":"dagbag.py","lineno":469}
{"timestamp":"2026-04-10T12:13:35.471211Z","level":"warning","event":"The `airflow.operators.python.PythonOperator` attribute is deprecated. Please use `'airflow.providers.standard.operators.python.PythonOperator'`.","category":"UserWarning","filename":"/opt/airflow/dags/read_rss.py","lineno":3,"logger":"py.warnings"}
{"timestamp":"2026-04-10T12:14:05.834156Z","level":"info","event":"Filling up the DagBag from /opt/airflow/dags/read_rss.py","logger":"airflow.dag_processing.dagbag.BundleDagBag","filename":"dagbag.py","lineno":469}
{"timestamp":"2026-04-10T12:14:06.002988Z","level":"warning","event":"The `airflow.operators.python.PythonOperator` attribute is deprecated. Please use `'airflow.providers.standard.operators.python.PythonOperator'`.","category":"UserWarning","filename":"/opt/airflow/dags/read_rss.py","lineno":3,"logger":"py.warnings"}
{"timestamp":"2026-04-10T12:14:36.506916Z","level":"info","event":"Filling up the DagBag from /opt/airflow/dags/read_rss.py","logger":"airflow.dag_processing.dagbag.BundleDagBag","filename":"dagbag.py","lineno":469}
{"timestamp":"2026-04-10T12:14:36.681252Z","level":"warning","event":"The `airflow.operators.python.PythonOperator` attribute is deprecated. Please use `'airflow.providers.standard.operators.python.PythonOperator'`.","category":"UserWarning","filename":"/opt/airflow/dags/read_rss.py","lineno":3,"logger":"py.warnings"}
{"timestamp":"2026-04-10T12:15:07.133396Z","level":"info","event":"Filling up the DagBag from /opt/airflow/dags/read_rss.py","logger":"airflow.dag_processing.dagbag.BundleDagBag","filename":"dagbag.py","lineno":469}
{"timestamp":"2026-04-10T12:15:07.258825Z","level":"warning","event":"The `airflow.operators.python.PythonOperator` attribute is deprecated. Please use `'airflow.providers.standard.operators.python.PythonOperator'`.","category":"UserWarning","filename":"/opt/airflow/dags/read_rss.py","lineno":3,"logger":"py.warnings"}
{"timestamp":"2026-04-10T12:15:37.663695Z","level":"info","event":"Filling up the DagBag from /opt/airflow/dags/read_rss.py","logger":"airflow.dag_processing.dagbag.BundleDagBag","filename":"dagbag.py","lineno":469}
{"timestamp":"2026-04-10T12:15:37.892129Z","level":"warning","event":"The `airflow.operators.python.PythonOperator` attribute is deprecated. Please use `'airflow.providers.standard.operators.python.PythonOperator'`.","category":"UserWarning","filename":"/opt/airflow/dags/read_rss.py","lineno":3,"logger":"py.warnings"}
{"timestamp":"2026-04-10T12:16:08.390879Z","level":"info","event":"Filling up the DagBag from /opt/airflow/dags/read_rss.py","logger":"airflow.dag_processing.dagbag.BundleDagBag","filename":"dagbag.py","lineno":469}
{"timestamp":"2026-04-10T12:16:08.532913Z","level":"warning","event":"The `airflow.operators.python.PythonOperator` attribute is deprecated. Please use `'airflow.providers.standard.operators.python.PythonOperator'`.","category":"UserWarning","filename":"/opt/airflow/dags/read_rss.py","lineno":3,"logger":"py.warnings"}
{"timestamp":"2026-04-10T12:16:38.948375Z","level":"info","event":"Filling up the DagBag from /opt/airflow/dags/read_rss.py","logger":"airflow.dag_processing.dagbag.BundleDagBag","filename":"dagbag.py","lineno":469}
{"timestamp":"2026-04-10T12:16:39.116689Z","level":"warning","event":"The `airflow.operators.python.PythonOperator` attribute is deprecated. Please use `'airflow.providers.standard.operators.python.PythonOperator'`.","category":"UserWarning","filename":"/opt/airflow/dags/read_rss.py","lineno":3,"logger":"py.warnings"}
{"timestamp":"2026-04-10T12:17:09.503321Z","level":"info","event":"Filling up the DagBag from /opt/airflow/dags/read_rss.py","logger":"airflow.dag_processing.dagbag.BundleDagBag","filename":"dagbag.py","lineno":469}
{"timestamp":"2026-04-10T12:17:09.614625Z","level":"warning","event":"The `airflow.operators.python.PythonOperator` attribute is deprecated. Please use `'airflow.providers.standard.operators.python.PythonOperator'`.","category":"UserWarning","filename":"/opt/airflow/dags/read_rss.py","lineno":3,"logger":"py.warnings"}
{"timestamp":"2026-04-10T12:17:39.916550Z","level":"info","event":"Filling up the DagBag from /opt/airflow/dags/read_rss.py","logger":"airflow.dag_processing.dagbag.BundleDagBag","filename":"dagbag.py","lineno":469}
{"timestamp":"2026-04-10T12:17:40.007664Z","level":"warning","event":"The `airflow.operators.python.PythonOperator` attribute is deprecated. Please use `'airflow.providers.standard.operators.python.PythonOperator'`.","category":"UserWarning","filename":"/opt/airflow/dags/read_rss.py","lineno":3,"logger":"py.warnings"}
{"timestamp":"2026-04-10T12:18:10.363821Z","level":"info","event":"Filling up the DagBag from /opt/airflow/dags/read_rss.py","logger":"airflow.dag_processing.dagbag.BundleDagBag","filename":"dagbag.py","lineno":469}
{"timestamp":"2026-04-10T12:18:10.463144Z","level":"warning","event":"The `airflow.operators.python.PythonOperator` attribute is deprecated. Please use `'airflow.providers.standard.operators.python.PythonOperator'`.","category":"UserWarning","filename":"/opt/airflow/dags/read_rss.py","lineno":3,"logger":"py.warnings"}
{"timestamp":"2026-04-10T12:18:40.823660Z","level":"info","event":"Filling up the DagBag from /opt/airflow/dags/read_rss.py","logger":"airflow.dag_processing.dagbag.BundleDagBag","filename":"dagbag.py","lineno":469}
{"timestamp":"2026-04-10T12:18:40.913848Z","level":"warning","event":"The `airflow.operators.python.PythonOperator` attribute is deprecated. Please use `'airflow.providers.standard.operators.python.PythonOperator'`.","category":"UserWarning","filename":"/opt/airflow/dags/read_rss.py","lineno":3,"logger":"py.warnings"}
{"timestamp":"2026-04-10T12:19:11.356058Z","level":"info","event":"Filling up the DagBag from /opt/airflow/dags/read_rss.py","logger":"airflow.dag_processing.dagbag.BundleDagBag","filename":"dagbag.py","lineno":469}
{"timestamp":"2026-04-10T12:19:11.470945Z","level":"warning","event":"The `airflow.operators.python.PythonOperator` attribute is deprecated. Please use `'airflow.providers.standard.operators.python.PythonOperator'`.","category":"UserWarning","filename":"/opt/airflow/dags/read_rss.py","lineno":3,"logger":"py.warnings"}
{"timestamp":"2026-04-10T12:19:41.879438Z","level":"info","event":"Filling up the DagBag from /opt/airflow/dags/read_rss.py","logger":"airflow.dag_processing.dagbag.BundleDagBag","filename":"dagbag.py","lineno":469}
{"timestamp":"2026-04-10T12:19:42.019772Z","level":"warning","event":"The `airflow.operators.python.PythonOperator` attribute is deprecated. Please use `'airflow.providers.standard.operators.python.PythonOperator'`.","category":"UserWarning","filename":"/opt/airflow/dags/read_rss.py","lineno":3,"logger":"py.warnings"}
{"timestamp":"2026-04-10T12:20:12.464437Z","level":"info","event":"Filling up the DagBag from /opt/airflow/dags/read_rss.py","logger":"airflow.dag_processing.dagbag.BundleDagBag","filename":"dagbag.py","lineno":469}
{"timestamp":"2026-04-10T12:20:12.592159Z","level":"warning","event":"The `airflow.operators.python.PythonOperator` attribute is deprecated. Please use `'airflow.providers.standard.operators.python.PythonOperator'`.","category":"UserWarning","filename":"/opt/airflow/dags/read_rss.py","lineno":3,"logger":"py.warnings"}
{"timestamp":"2026-04-10T12:20:42.923521Z","level":"info","event":"Filling up the DagBag from /opt/airflow/dags/read_rss.py","logger":"airflow.dag_processing.dagbag.BundleDagBag","filename":"dagbag.py","lineno":469}
{"timestamp":"2026-04-10T12:20:43.065614Z","level":"warning","event":"The `airflow.operators.python.PythonOperator` attribute is deprecated. Please use `'airflow.providers.standard.operators.python.PythonOperator'`.","category":"UserWarning","filename":"/opt/airflow/dags/read_rss.py","lineno":3,"logger":"py.warnings"}
{"timestamp":"2026-04-10T12:21:13.417021Z","level":"info","event":"Filling up the DagBag from /opt/airflow/dags/read_rss.py","logger":"airflow.dag_processing.dagbag.BundleDagBag","filename":"dagbag.py","lineno":469}
{"timestamp":"2026-04-10T12:21:13.522933Z","level":"warning","event":"The `airflow.operators.python.PythonOperator` attribute is deprecated. Please use `'airflow.providers.standard.operators.python.PythonOperator'`.","category":"UserWarning","filename":"/opt/airflow/dags/read_rss.py","lineno":3,"logger":"py.warnings"}
{"timestamp":"2026-04-10T12:21:43.895291Z","level":"info","event":"Filling up the DagBag from /opt/airflow/dags/read_rss.py","logger":"airflow.dag_processing.dagbag.BundleDagBag","filename":"dagbag.py","lineno":469}
{"timestamp":"2026-04-10T12:21:44.045043Z","level":"warning","event":"The `airflow.operators.python.PythonOperator` attribute is deprecated. Please use `'airflow.providers.standard.operators.python.PythonOperator'`.","category":"UserWarning","filename":"/opt/airflow/dags/read_rss.py","lineno":3,"logger":"py.warnings"}
{"timestamp":"2026-04-10T12:22:14.446681Z","level":"info","event":"Filling up the DagBag from /opt/airflow/dags/read_rss.py","logger":"airflow.dag_processing.dagbag.BundleDagBag","filename":"dagbag.py","lineno":469}
{"timestamp":"2026-04-10T12:22:14.588965Z","level":"warning","event":"The `airflow.operators.python.PythonOperator` attribute is deprecated. Please use `'airflow.providers.standard.operators.python.PythonOperator'`.","category":"UserWarning","filename":"/opt/airflow/dags/read_rss.py","lineno":3,"logger":"py.warnings"}
{"timestamp":"2026-04-10T12:22:44.982328Z","level":"info","event":"Filling up the DagBag from /opt/airflow/dags/read_rss.py","logger":"airflow.dag_processing.dagbag.BundleDagBag","filename":"dagbag.py","lineno":469}
{"timestamp":"2026-04-10T12:22:45.170261Z","level":"error","event":"Failed to import: /opt/airflow/dags/read_rss.py","logger":"airflow.dag_processing.importers.python_importer","filename":"python_importer.py","lineno":244,"error_detail":[{"exc_type":"ModuleNotFoundError","exc_value":"No module named 'minio'","exc_notes":[],"syntax_error":null,"is_cause":false,"frames":[{"filename":"/home/airflow/.local/lib/python3.14/site-packages/airflow/dag_processing/importers/python_importer.py","lineno":238,"name":"parse"},{"filename":"<frozen importlib._bootstrap_external>","lineno":759,"name":"exec_module"},{"filename":"<frozen importlib._bootstrap>","lineno":491,"name":"_call_with_frames_removed"},{"filename":"/opt/airflow/dags/read_rss.py","lineno":9,"name":"<module>"},{"filename":"/opt/airflow/plugins/operators/rss_consumer.py","lineno":3,"name":"<module>"}],"is_group":false,"exceptions":[]}]}
{"timestamp":"2026-04-10T12:22:45.175046Z","level":"error","event":"Error loading DAG from read_rss.py: No module named 'minio'","logger":"airflow.dag_processing.dagbag.BundleDagBag","filename":"dagbag.py","lineno":327}
{"timestamp":"2026-04-10T12:22:45.175221Z","level":"warning","event":"The `airflow.operators.python.PythonOperator` attribute is deprecated. Please use `'airflow.providers.standard.operators.python.PythonOperator'`.","category":"UserWarning","filename":"/opt/airflow/dags/read_rss.py","lineno":3,"logger":"py.warnings"}
{"timestamp":"2026-04-10T12:23:15.566044Z","level":"info","event":"Filling up the DagBag from /opt/airflow/dags/read_rss.py","logger":"airflow.dag_processing.dagbag.BundleDagBag","filename":"dagbag.py","lineno":469}
{"timestamp":"2026-04-10T12:23:15.723404Z","level":"error","event":"Failed to import: /opt/airflow/dags/read_rss.py","logger":"airflow.dag_processing.importers.python_importer","filename":"python_importer.py","lineno":244,"error_detail":[{"exc_type":"ModuleNotFoundError","exc_value":"No module named 'minio'","exc_notes":[],"syntax_error":null,"is_cause":false,"frames":[{"filename":"/home/airflow/.local/lib/python3.14/site-packages/airflow/dag_processing/importers/python_importer.py","lineno":238,"name":"parse"},{"filename":"<frozen importlib._bootstrap_external>","lineno":759,"name":"exec_module"},{"filename":"<frozen importlib._bootstrap>","lineno":491,"name":"_call_with_frames_removed"},{"filename":"/opt/airflow/dags/read_rss.py","lineno":9,"name":"<module>"},{"filename":"/opt/airflow/plugins/operators/rss_consumer.py","lineno":3,"name":"<module>"}],"is_group":false,"exceptions":[]}]}
{"timestamp":"2026-04-10T12:23:15.726391Z","level":"error","event":"Error loading DAG from read_rss.py: No module named 'minio'","logger":"airflow.dag_processing.dagbag.BundleDagBag","filename":"dagbag.py","lineno":327}
{"timestamp":"2026-04-10T12:23:15.726516Z","level":"warning","event":"The `airflow.operators.python.PythonOperator` attribute is deprecated. Please use `'airflow.providers.standard.operators.python.PythonOperator'`.","category":"UserWarning","filename":"/opt/airflow/dags/read_rss.py","lineno":3,"logger":"py.warnings"}
{"timestamp":"2026-04-10T12:23:46.065372Z","level":"info","event":"Filling up the DagBag from /opt/airflow/dags/read_rss.py","logger":"airflow.dag_processing.dagbag.BundleDagBag","filename":"dagbag.py","lineno":469}
{"timestamp":"2026-04-10T12:23:46.231614Z","level":"error","event":"Failed to import: /opt/airflow/dags/read_rss.py","logger":"airflow.dag_processing.importers.python_importer","filename":"python_importer.py","lineno":244,"error_detail":[{"exc_type":"ImportError","exc_value":"cannot import name 'BaseHook' from 'airflow.models' (/home/airflow/.local/lib/python3.14/site-packages/airflow/models/__init__.py)","exc_notes":[],"syntax_error":null,"is_cause":false,"frames":[{"filename":"/home/airflow/.local/lib/python3.14/site-packages/airflow/dag_processing/importers/python_importer.py","lineno":238,"name":"parse"},{"filename":"<frozen importlib._bootstrap_external>","lineno":759,"name":"exec_module"},{"filename":"<frozen importlib._bootstrap>","lineno":491,"name":"_call_with_frames_removed"},{"filename":"/opt/airflow/dags/read_rss.py","lineno":9,"name":"<module>"},{"filename":"/opt/airflow/plugins/operators/rss_consumer.py","lineno":10,"name":"<module>"},{"filename":"/opt/airflow/plugins/hooks/minio_hook.py","lineno":1,"name":"<module>"}],"is_group":false,"exceptions":[]}]}
{"timestamp":"2026-04-10T12:23:46.234729Z","level":"error","event":"Error loading DAG from read_rss.py: cannot import name 'BaseHook' from 'airflow.models' (/home/airflow/.local/lib/python3.14/site-packages/airflow/models/__init__.py)","logger":"airflow.dag_processing.dagbag.BundleDagBag","filename":"dagbag.py","lineno":327}
{"timestamp":"2026-04-10T12:23:46.234892Z","level":"warning","event":"The `airflow.operators.python.PythonOperator` attribute is deprecated. Please use `'airflow.providers.standard.operators.python.PythonOperator'`.","category":"UserWarning","filename":"/opt/airflow/dags/read_rss.py","lineno":3,"logger":"py.warnings"}
{"timestamp":"2026-04-10T12:24:16.676586Z","level":"info","event":"Filling up the DagBag from /opt/airflow/dags/read_rss.py","logger":"airflow.dag_processing.dagbag.BundleDagBag","filename":"dagbag.py","lineno":469}
{"timestamp":"2026-04-10T12:24:16.817765Z","level":"error","event":"Failed to import: /opt/airflow/dags/read_rss.py","logger":"airflow.dag_processing.importers.python_importer","filename":"python_importer.py","lineno":244,"error_detail":[{"exc_type":"ImportError","exc_value":"cannot import name 'BaseHook' from 'airflow.models' (/home/airflow/.local/lib/python3.14/site-packages/airflow/models/__init__.py)","exc_notes":[],"syntax_error":null,"is_cause":false,"frames":[{"filename":"/home/airflow/.local/lib/python3.14/site-packages/airflow/dag_processing/importers/python_importer.py","lineno":238,"name":"parse"},{"filename":"<frozen importlib._bootstrap_external>","lineno":759,"name":"exec_module"},{"filename":"<frozen importlib._bootstrap>","lineno":491,"name":"_call_with_frames_removed"},{"filename":"/opt/airflow/dags/read_rss.py","lineno":9,"name":"<module>"},{"filename":"/opt/airflow/plugins/operators/rss_consumer.py","lineno":10,"name":"<module>"},{"filename":"/opt/airflow/plugins/hooks/minio_hook.py","lineno":1,"name":"<module>"}],"is_group":false,"exceptions":[]}]}
{"timestamp":"2026-04-10T12:24:16.819797Z","level":"error","event":"Error loading DAG from read_rss.py: cannot import name 'BaseHook' from 'airflow.models' (/home/airflow/.local/lib/python3.14/site-packages/airflow/models/__init__.py)","logger":"airflow.dag_processing.dagbag.BundleDagBag","filename":"dagbag.py","lineno":327}
{"timestamp":"2026-04-10T12:24:16.819946Z","level":"warning","event":"The `airflow.operators.python.PythonOperator` attribute is deprecated. Please use `'airflow.providers.standard.operators.python.PythonOperator'`.","category":"UserWarning","filename":"/opt/airflow/dags/read_rss.py","lineno":3,"logger":"py.warnings"}
{"timestamp":"2026-04-10T12:24:47.137124Z","level":"info","event":"Filling up the DagBag from /opt/airflow/dags/read_rss.py","logger":"airflow.dag_processing.dagbag.BundleDagBag","filename":"dagbag.py","lineno":469}
{"timestamp":"2026-04-10T12:24:47.279456Z","level":"error","event":"Failed to import: /opt/airflow/dags/read_rss.py","logger":"airflow.dag_processing.importers.python_importer","filename":"python_importer.py","lineno":244,"error_detail":[{"exc_type":"ImportError","exc_value":"cannot import name 'BaseHook' from 'airflow.models' (/home/airflow/.local/lib/python3.14/site-packages/airflow/models/__init__.py)","exc_notes":[],"syntax_error":null,"is_cause":false,"frames":[{"filename":"/home/airflow/.local/lib/python3.14/site-packages/airflow/dag_processing/importers/python_importer.py","lineno":238,"name":"parse"},{"filename":"<frozen importlib._bootstrap_external>","lineno":759,"name":"exec_module"},{"filename":"<frozen importlib._bootstrap>","lineno":491,"name":"_call_with_frames_removed"},{"filename":"/opt/airflow/dags/read_rss.py","lineno":9,"name":"<module>"},{"filename":"/opt/airflow/plugins/operators/rss_consumer.py","lineno":10,"name":"<module>"},{"filename":"/opt/airflow/plugins/hooks/minio_hook.py","lineno":1,"name":"<module>"}],"is_group":false,"exceptions":[]}]}
{"timestamp":"2026-04-10T12:24:47.282665Z","level":"error","event":"Error loading DAG from read_rss.py: cannot import name 'BaseHook' from 'airflow.models' (/home/airflow/.local/lib/python3.14/site-packages/airflow/models/__init__.py)","logger":"airflow.dag_processing.dagbag.BundleDagBag","filename":"dagbag.py","lineno":327}
{"timestamp":"2026-04-10T12:24:47.282859Z","level":"warning","event":"The `airflow.operators.python.PythonOperator` attribute is deprecated. Please use `'airflow.providers.standard.operators.python.PythonOperator'`.","category":"UserWarning","filename":"/opt/airflow/dags/read_rss.py","lineno":3,"logger":"py.warnings"}
{"timestamp":"2026-04-10T12:25:17.750090Z","level":"info","event":"Filling up the DagBag from /opt/airflow/dags/read_rss.py","logger":"airflow.dag_processing.dagbag.BundleDagBag","filename":"dagbag.py","lineno":469}
{"timestamp":"2026-04-10T12:25:18.019649Z","level":"error","event":"Failed to import: /opt/airflow/dags/read_rss.py","logger":"airflow.dag_processing.importers.python_importer","filename":"python_importer.py","lineno":244,"error_detail":[{"exc_type":"ImportError","exc_value":"cannot import name 'BaseHook' from 'airflow.models' (/home/airflow/.local/lib/python3.14/site-packages/airflow/models/__init__.py)","exc_notes":[],"syntax_error":null,"is_cause":false,"frames":[{"filename":"/home/airflow/.local/lib/python3.14/site-packages/airflow/dag_processing/importers/python_importer.py","lineno":238,"name":"parse"},{"filename":"<frozen importlib._bootstrap_external>","lineno":759,"name":"exec_module"},{"filename":"<frozen importlib._bootstrap>","lineno":491,"name":"_call_with_frames_removed"},{"filename":"/opt/airflow/dags/read_rss.py","lineno":9,"name":"<module>"},{"filename":"/opt/airflow/plugins/operators/rss_consumer.py","lineno":10,"name":"<module>"},{"filename":"/opt/airflow/plugins/hooks/minio_hook.py","lineno":1,"name":"<module>"}],"is_group":false,"exceptions":[]}]}
{"timestamp":"2026-04-10T12:25:18.029292Z","level":"error","event":"Error loading DAG from read_rss.py: cannot import name 'BaseHook' from 'airflow.models' (/home/airflow/.local/lib/python3.14/site-packages/airflow/models/__init__.py)","logger":"airflow.dag_processing.dagbag.BundleDagBag","filename":"dagbag.py","lineno":327}
{"timestamp":"2026-04-10T12:25:18.029902Z","level":"warning","event":"The `airflow.operators.python.PythonOperator` attribute is deprecated. Please use `'airflow.providers.standard.operators.python.PythonOperator'`.","category":"UserWarning","filename":"/opt/airflow/dags/read_rss.py","lineno":3,"logger":"py.warnings"}
{"timestamp":"2026-04-10T12:25:48.420708Z","level":"info","event":"Filling up the DagBag from /opt/airflow/dags/read_rss.py","logger":"airflow.dag_processing.dagbag.BundleDagBag","filename":"dagbag.py","lineno":469}
{"timestamp":"2026-04-10T12:25:48.594717Z","level":"error","event":"Failed to import: /opt/airflow/dags/read_rss.py","logger":"airflow.dag_processing.importers.python_importer","filename":"python_importer.py","lineno":244,"error_detail":[{"exc_type":"ImportError","exc_value":"cannot import name 'BaseHook' from 'airflow.models' (/home/airflow/.local/lib/python3.14/site-packages/airflow/models/__init__.py)","exc_notes":[],"syntax_error":null,"is_cause":false,"frames":[{"filename":"/home/airflow/.local/lib/python3.14/site-packages/airflow/dag_processing/importers/python_importer.py","lineno":238,"name":"parse"},{"filename":"<frozen importlib._bootstrap_external>","lineno":759,"name":"exec_module"},{"filename":"<frozen importlib._bootstrap>","lineno":491,"name":"_call_with_frames_removed"},{"filename":"/opt/airflow/dags/read_rss.py","lineno":9,"name":"<module>"},{"filename":"/opt/airflow/plugins/operators/rss_consumer.py","lineno":10,"name":"<module>"},{"filename":"/opt/airflow/plugins/hooks/minio_hook.py","lineno":1,"name":"<module>"}],"is_group":false,"exceptions":[]}]}
{"timestamp":"2026-04-10T12:25:48.605476Z","level":"error","event":"Error loading DAG from read_rss.py: cannot import name 'BaseHook' from 'airflow.models' (/home/airflow/.local/lib/python3.14/site-packages/airflow/models/__init__.py)","logger":"airflow.dag_processing.dagbag.BundleDagBag","filename":"dagbag.py","lineno":327}
{"timestamp":"2026-04-10T12:25:48.606084Z","level":"warning","event":"The `airflow.operators.python.PythonOperator` attribute is deprecated. Please use `'airflow.providers.standard.operators.python.PythonOperator'`.","category":"UserWarning","filename":"/opt/airflow/dags/read_rss.py","lineno":3,"logger":"py.warnings"}
{"timestamp":"2026-04-10T12:26:19.076194Z","level":"info","event":"Filling up the DagBag from /opt/airflow/dags/read_rss.py","logger":"airflow.dag_processing.dagbag.BundleDagBag","filename":"dagbag.py","lineno":469}
{"timestamp":"2026-04-10T12:26:19.281468Z","level":"error","event":"Failed to import: /opt/airflow/dags/read_rss.py","logger":"airflow.dag_processing.importers.python_importer","filename":"python_importer.py","lineno":244,"error_detail":[{"exc_type":"ImportError","exc_value":"cannot import name 'BaseHook' from 'airflow.models' (/home/airflow/.local/lib/python3.14/site-packages/airflow/models/__init__.py)","exc_notes":[],"syntax_error":null,"is_cause":false,"frames":[{"filename":"/home/airflow/.local/lib/python3.14/site-packages/airflow/dag_processing/importers/python_importer.py","lineno":238,"name":"parse"},{"filename":"<frozen importlib._bootstrap_external>","lineno":759,"name":"exec_module"},{"filename":"<frozen importlib._bootstrap>","lineno":491,"name":"_call_with_frames_removed"},{"filename":"/opt/airflow/dags/read_rss.py","lineno":9,"name":"<module>"},{"filename":"/opt/airflow/plugins/operators/rss_consumer.py","lineno":10,"name":"<module>"},{"filename":"/opt/airflow/plugins/hooks/minio_hook.py","lineno":1,"name":"<module>"}],"is_group":false,"exceptions":[]}]}
{"timestamp":"2026-04-10T12:26:19.283470Z","level":"error","event":"Error loading DAG from read_rss.py: cannot import name 'BaseHook' from 'airflow.models' (/home/airflow/.local/lib/python3.14/site-packages/airflow/models/__init__.py)","logger":"airflow.dag_processing.dagbag.BundleDagBag","filename":"dagbag.py","lineno":327}
{"timestamp":"2026-04-10T12:26:19.283580Z","level":"warning","event":"The `airflow.operators.python.PythonOperator` attribute is deprecated. Please use `'airflow.providers.standard.operators.python.PythonOperator'`.","category":"UserWarning","filename":"/opt/airflow/dags/read_rss.py","lineno":3,"logger":"py.warnings"}
{"timestamp":"2026-04-10T12:26:56.280749Z","level":"info","event":"Filling up the DagBag from /opt/airflow/dags/read_rss.py","logger":"airflow.dag_processing.dagbag.BundleDagBag","filename":"dagbag.py","lineno":469}
{"timestamp":"2026-04-10T12:26:56.361015Z","level":"error","event":"Failed to import: /opt/airflow/dags/read_rss.py","logger":"airflow.dag_processing.importers.python_importer","filename":"python_importer.py","lineno":244,"error_detail":[{"exc_type":"ImportError","exc_value":"cannot import name 'MinioHook' from 'minio_hook' (/opt/airflow/plugins/hooks/minio_hook.py)","exc_notes":[],"syntax_error":null,"is_cause":false,"frames":[{"filename":"/home/airflow/.local/lib/python3.14/site-packages/airflow/dag_processing/importers/python_importer.py","lineno":238,"name":"parse"},{"filename":"<frozen importlib._bootstrap_external>","lineno":759,"name":"exec_module"},{"filename":"<frozen importlib._bootstrap>","lineno":491,"name":"_call_with_frames_removed"},{"filename":"/opt/airflow/dags/read_rss.py","lineno":9,"name":"<module>"},{"filename":"/opt/airflow/plugins/operators/rss_consumer.py","lineno":10,"name":"<module>"}],"is_group":false,"exceptions":[]}]}
{"timestamp":"2026-04-10T12:26:56.367004Z","level":"error","event":"Error loading DAG from read_rss.py: cannot import name 'MinioHook' from 'minio_hook' (/opt/airflow/plugins/hooks/minio_hook.py)","logger":"airflow.dag_processing.dagbag.BundleDagBag","filename":"dagbag.py","lineno":327}
{"timestamp":"2026-04-10T12:26:56.368147Z","level":"warning","event":"The `airflow.operators.python.PythonOperator` attribute is deprecated. Please use `'airflow.providers.standard.operators.python.PythonOperator'`.","category":"UserWarning","filename":"/opt/airflow/dags/read_rss.py","lineno":3,"logger":"py.warnings"}
{"timestamp":"2026-04-10T12:27:26.759513Z","level":"info","event":"Filling up the DagBag from /opt/airflow/dags/read_rss.py","logger":"airflow.dag_processing.dagbag.BundleDagBag","filename":"dagbag.py","lineno":469}
{"timestamp":"2026-04-10T12:27:26.790745Z","level":"error","event":"Failed to import: /opt/airflow/dags/read_rss.py","logger":"airflow.dag_processing.importers.python_importer","filename":"python_importer.py","lineno":244,"error_detail":[{"exc_type":"ImportError","exc_value":"cannot import name 'MinioHook' from 'minio_hook' (/opt/airflow/plugins/hooks/minio_hook.py)","exc_notes":[],"syntax_error":null,"is_cause":false,"frames":[{"filename":"/home/airflow/.local/lib/python3.14/site-packages/airflow/dag_processing/importers/python_importer.py","lineno":238,"name":"parse"},{"filename":"<frozen importlib._bootstrap_external>","lineno":759,"name":"exec_module"},{"filename":"<frozen importlib._bootstrap>","lineno":491,"name":"_call_with_frames_removed"},{"filename":"/opt/airflow/dags/read_rss.py","lineno":9,"name":"<module>"},{"filename":"/opt/airflow/plugins/operators/rss_consumer.py","lineno":10,"name":"<module>"}],"is_group":false,"exceptions":[]}]}
{"timestamp":"2026-04-10T12:27:26.794958Z","level":"error","event":"Error loading DAG from read_rss.py: cannot import name 'MinioHook' from 'minio_hook' (/opt/airflow/plugins/hooks/minio_hook.py)","logger":"airflow.dag_processing.dagbag.BundleDagBag","filename":"dagbag.py","lineno":327}
{"timestamp":"2026-04-10T12:27:26.795209Z","level":"warning","event":"The `airflow.operators.python.PythonOperator` attribute is deprecated. Please use `'airflow.providers.standard.operators.python.PythonOperator'`.","category":"UserWarning","filename":"/opt/airflow/dags/read_rss.py","lineno":3,"logger":"py.warnings"}
{"timestamp":"2026-04-10T12:27:57.108418Z","level":"info","event":"Filling up the DagBag from /opt/airflow/dags/read_rss.py","logger":"airflow.dag_processing.dagbag.BundleDagBag","filename":"dagbag.py","lineno":469}
{"timestamp":"2026-04-10T12:27:57.155427Z","level":"error","event":"Failed to import: /opt/airflow/dags/read_rss.py","logger":"airflow.dag_processing.importers.python_importer","filename":"python_importer.py","lineno":244,"error_detail":[{"exc_type":"ImportError","exc_value":"cannot import name 'MinioHook' from 'minio_hook' (/opt/airflow/plugins/hooks/minio_hook.py)","exc_notes":[],"syntax_error":null,"is_cause":false,"frames":[{"filename":"/home/airflow/.local/lib/python3.14/site-packages/airflow/dag_processing/importers/python_importer.py","lineno":238,"name":"parse"},{"filename":"<frozen importlib._bootstrap_external>","lineno":759,"name":"exec_module"},{"filename":"<frozen importlib._bootstrap>","lineno":491,"name":"_call_with_frames_removed"},{"filename":"/opt/airflow/dags/read_rss.py","lineno":9,"name":"<module>"},{"filename":"/opt/airflow/plugins/operators/rss_consumer.py","lineno":10,"name":"<module>"}],"is_group":false,"exceptions":[]}]}
{"timestamp":"2026-04-10T12:27:57.157343Z","level":"error","event":"Error loading DAG from read_rss.py: cannot import name 'MinioHook' from 'minio_hook' (/opt/airflow/plugins/hooks/minio_hook.py)","logger":"airflow.dag_processing.dagbag.BundleDagBag","filename":"dagbag.py","lineno":327}
{"timestamp":"2026-04-10T12:27:57.157517Z","level":"warning","event":"The `airflow.operators.python.PythonOperator` attribute is deprecated. Please use `'airflow.providers.standard.operators.python.PythonOperator'`.","category":"UserWarning","filename":"/opt/airflow/dags/read_rss.py","lineno":3,"logger":"py.warnings"}
{"timestamp":"2026-04-10T12:28:27.608202Z","level":"info","event":"Filling up the DagBag from /opt/airflow/dags/read_rss.py","logger":"airflow.dag_processing.dagbag.BundleDagBag","filename":"dagbag.py","lineno":469}
{"timestamp":"2026-04-10T12:28:27.641536Z","level":"error","event":"Failed to import: /opt/airflow/dags/read_rss.py","logger":"airflow.dag_processing.importers.python_importer","filename":"python_importer.py","lineno":244,"error_detail":[{"exc_type":"ImportError","exc_value":"cannot import name 'MinioHook' from 'minio_hook' (/opt/airflow/plugins/hooks/minio_hook.py)","exc_notes":[],"syntax_error":null,"is_cause":false,"frames":[{"filename":"/home/airflow/.local/lib/python3.14/site-packages/airflow/dag_processing/importers/python_importer.py","lineno":238,"name":"parse"},{"filename":"<frozen importlib._bootstrap_external>","lineno":759,"name":"exec_module"},{"filename":"<frozen importlib._bootstrap>","lineno":491,"name":"_call_with_frames_removed"},{"filename":"/opt/airflow/dags/read_rss.py","lineno":9,"name":"<module>"},{"filename":"/opt/airflow/plugins/operators/rss_consumer.py","lineno":10,"name":"<module>"}],"is_group":false,"exceptions":[]}]}
{"timestamp":"2026-04-10T12:28:27.643017Z","level":"error","event":"Error loading DAG from read_rss.py: cannot import name 'MinioHook' from 'minio_hook' (/opt/airflow/plugins/hooks/minio_hook.py)","logger":"airflow.dag_processing.dagbag.BundleDagBag","filename":"dagbag.py","lineno":327}
{"timestamp":"2026-04-10T12:28:27.643124Z","level":"warning","event":"The `airflow.operators.python.PythonOperator` attribute is deprecated. Please use `'airflow.providers.standard.operators.python.PythonOperator'`.","category":"UserWarning","filename":"/opt/airflow/dags/read_rss.py","lineno":3,"logger":"py.warnings"}
{"timestamp":"2026-04-10T12:28:58.011450Z","level":"info","event":"Filling up the DagBag from /opt/airflow/dags/read_rss.py","logger":"airflow.dag_processing.dagbag.BundleDagBag","filename":"dagbag.py","lineno":469}
{"timestamp":"2026-04-10T12:28:58.044046Z","level":"error","event":"Failed to import: /opt/airflow/dags/read_rss.py","logger":"airflow.dag_processing.importers.python_importer","filename":"python_importer.py","lineno":244,"error_detail":[{"exc_type":"ImportError","exc_value":"cannot import name 'BaseHook' from 'airflow.models' (/home/airflow/.local/lib/python3.14/site-packages/airflow/models/__init__.py)","exc_notes":[],"syntax_error":null,"is_cause":false,"frames":[{"filename":"/home/airflow/.local/lib/python3.14/site-packages/airflow/dag_processing/importers/python_importer.py","lineno":238,"name":"parse"},{"filename":"<frozen importlib._bootstrap_external>","lineno":759,"name":"exec_module"},{"filename":"<frozen importlib._bootstrap>","lineno":491,"name":"_call_with_frames_removed"},{"filename":"/opt/airflow/dags/read_rss.py","lineno":9,"name":"<module>"},{"filename":"/opt/airflow/plugins/operators/rss_consumer.py","lineno":10,"name":"<module>"},{"filename":"/opt/airflow/plugins/hooks/minio_hook.py","lineno":1,"name":"<module>"}],"is_group":false,"exceptions":[]}]}
{"timestamp":"2026-04-10T12:28:58.045205Z","level":"error","event":"Error loading DAG from read_rss.py: cannot import name 'BaseHook' from 'airflow.models' (/home/airflow/.local/lib/python3.14/site-packages/airflow/models/__init__.py)","logger":"airflow.dag_processing.dagbag.BundleDagBag","filename":"dagbag.py","lineno":327}
{"timestamp":"2026-04-10T12:28:58.045325Z","level":"warning","event":"The `airflow.operators.python.PythonOperator` attribute is deprecated. Please use `'airflow.providers.standard.operators.python.PythonOperator'`.","category":"UserWarning","filename":"/opt/airflow/dags/read_rss.py","lineno":3,"logger":"py.warnings"}
{"timestamp":"2026-04-10T12:29:28.435648Z","level":"info","event":"Filling up the DagBag from /opt/airflow/dags/read_rss.py","logger":"airflow.dag_processing.dagbag.BundleDagBag","filename":"dagbag.py","lineno":469}
{"timestamp":"2026-04-10T12:29:28.458540Z","level":"error","event":"Failed to import: /opt/airflow/dags/read_rss.py","logger":"airflow.dag_processing.importers.python_importer","filename":"python_importer.py","lineno":244,"error_detail":[{"exc_type":"ImportError","exc_value":"cannot import name 'BaseHook' from 'airflow.models' (/home/airflow/.local/lib/python3.14/site-packages/airflow/models/__init__.py)","exc_notes":[],"syntax_error":null,"is_cause":false,"frames":[{"filename":"/home/airflow/.local/lib/python3.14/site-packages/airflow/dag_processing/importers/python_importer.py","lineno":238,"name":"parse"},{"filename":"<frozen importlib._bootstrap_external>","lineno":759,"name":"exec_module"},{"filename":"<frozen importlib._bootstrap>","lineno":491,"name":"_call_with_frames_removed"},{"filename":"/opt/airflow/dags/read_rss.py","lineno":9,"name":"<module>"},{"filename":"/opt/airflow/plugins/operators/rss_consumer.py","lineno":10,"name":"<module>"},{"filename":"/opt/airflow/plugins/hooks/minio_hook.py","lineno":1,"name":"<module>"}],"is_group":false,"exceptions":[]}]}
{"timestamp":"2026-04-10T12:29:28.460356Z","level":"error","event":"Error loading DAG from read_rss.py: cannot import name 'BaseHook' from 'airflow.models' (/home/airflow/.local/lib/python3.14/site-packages/airflow/models/__init__.py)","logger":"airflow.dag_processing.dagbag.BundleDagBag","filename":"dagbag.py","lineno":327}
{"timestamp":"2026-04-10T12:29:28.460450Z","level":"warning","event":"The `airflow.operators.python.PythonOperator` attribute is deprecated. Please use `'airflow.providers.standard.operators.python.PythonOperator'`.","category":"UserWarning","filename":"/opt/airflow/dags/read_rss.py","lineno":3,"logger":"py.warnings"}
{"timestamp":"2026-04-10T12:29:58.798453Z","level":"info","event":"Filling up the DagBag from /opt/airflow/dags/read_rss.py","logger":"airflow.dag_processing.dagbag.BundleDagBag","filename":"dagbag.py","lineno":469}
{"timestamp":"2026-04-10T12:29:58.825547Z","level":"error","event":"Failed to import: /opt/airflow/dags/read_rss.py","logger":"airflow.dag_processing.importers.python_importer","filename":"python_importer.py","lineno":244,"error_detail":[{"exc_type":"ImportError","exc_value":"cannot import name 'BaseHook' from 'airflow.models' (/home/airflow/.local/lib/python3.14/site-packages/airflow/models/__init__.py)","exc_notes":[],"syntax_error":null,"is_cause":false,"frames":[{"filename":"/home/airflow/.local/lib/python3.14/site-packages/airflow/dag_processing/importers/python_importer.py","lineno":238,"name":"parse"},{"filename":"<frozen importlib._bootstrap_external>","lineno":759,"name":"exec_module"},{"filename":"<frozen importlib._bootstrap>","lineno":491,"name":"_call_with_frames_removed"},{"filename":"/opt/airflow/dags/read_rss.py","lineno":9,"name":"<module>"},{"filename":"/opt/airflow/plugins/operators/rss_consumer.py","lineno":10,"name":"<module>"},{"filename":"/opt/airflow/plugins/hooks/minio_hook.py","lineno":1,"name":"<module>"}],"is_group":false,"exceptions":[]}]}
{"timestamp":"2026-04-10T12:29:58.826784Z","level":"error","event":"Error loading DAG from read_rss.py: cannot import name 'BaseHook' from 'airflow.models' (/home/airflow/.local/lib/python3.14/site-packages/airflow/models/__init__.py)","logger":"airflow.dag_processing.dagbag.BundleDagBag","filename":"dagbag.py","lineno":327}
{"timestamp":"2026-04-10T12:29:58.826886Z","level":"warning","event":"The `airflow.operators.python.PythonOperator` attribute is deprecated. Please use `'airflow.providers.standard.operators.python.PythonOperator'`.","category":"UserWarning","filename":"/opt/airflow/dags/read_rss.py","lineno":3,"logger":"py.warnings"}
{"timestamp":"2026-04-10T12:30:29.193726Z","level":"info","event":"Filling up the DagBag from /opt/airflow/dags/read_rss.py","logger":"airflow.dag_processing.dagbag.BundleDagBag","filename":"dagbag.py","lineno":469}
{"timestamp":"2026-04-10T12:30:29.225757Z","level":"error","event":"Failed to import: /opt/airflow/dags/read_rss.py","logger":"airflow.dag_processing.importers.python_importer","filename":"python_importer.py","lineno":244,"error_detail":[{"exc_type":"ModuleNotFoundError","exc_value":"No module named 'minio'","exc_notes":[],"syntax_error":null,"is_cause":false,"frames":[{"filename":"/home/airflow/.local/lib/python3.14/site-packages/airflow/dag_processing/importers/python_importer.py","lineno":238,"name":"parse"},{"filename":"<frozen importlib._bootstrap_external>","lineno":759,"name":"exec_module"},{"filename":"<frozen importlib._bootstrap>","lineno":491,"name":"_call_with_frames_removed"},{"filename":"/opt/airflow/dags/read_rss.py","lineno":9,"name":"<module>"},{"filename":"/opt/airflow/plugins/operators/rss_consumer.py","lineno":10,"name":"<module>"},{"filename":"/opt/airflow/plugins/hooks/minio_hook.py","lineno":2,"name":"<module>"}],"is_group":false,"exceptions":[]}]}
{"timestamp":"2026-04-10T12:30:29.227242Z","level":"error","event":"Error loading DAG from read_rss.py: No module named 'minio'","logger":"airflow.dag_processing.dagbag.BundleDagBag","filename":"dagbag.py","lineno":327}
{"timestamp":"2026-04-10T12:30:29.227351Z","level":"warning","event":"The `airflow.operators.python.PythonOperator` attribute is deprecated. Please use `'airflow.providers.standard.operators.python.PythonOperator'`.","category":"UserWarning","filename":"/opt/airflow/dags/read_rss.py","lineno":3,"logger":"py.warnings"}
{"timestamp":"2026-04-10T12:30:29.227391Z","level":"warning","event":"The `airflow.hooks.base.BaseHook` attribute is deprecated. Please use `'airflow.sdk.bases.hook.BaseHook'`.","category":"UserWarning","filename":"/opt/airflow/dags/../plugins/hooks/minio_hook.py","lineno":1,"logger":"py.warnings"}
{"timestamp":"2026-04-10T12:30:59.597841Z","level":"info","event":"Filling up the DagBag from /opt/airflow/dags/read_rss.py","logger":"airflow.dag_processing.dagbag.BundleDagBag","filename":"dagbag.py","lineno":469}
{"timestamp":"2026-04-10T12:30:59.637567Z","level":"error","event":"Failed to import: /opt/airflow/dags/read_rss.py","logger":"airflow.dag_processing.importers.python_importer","filename":"python_importer.py","lineno":244,"error_detail":[{"exc_type":"ModuleNotFoundError","exc_value":"No module named 'minio'","exc_notes":[],"syntax_error":null,"is_cause":false,"frames":[{"filename":"/home/airflow/.local/lib/python3.14/site-packages/airflow/dag_processing/importers/python_importer.py","lineno":238,"name":"parse"},{"filename":"<frozen importlib._bootstrap_external>","lineno":759,"name":"exec_module"},{"filename":"<frozen importlib._bootstrap>","lineno":491,"name":"_call_with_frames_removed"},{"filename":"/opt/airflow/dags/read_rss.py","lineno":9,"name":"<module>"},{"filename":"/opt/airflow/plugins/operators/rss_consumer.py","lineno":10,"name":"<module>"},{"filename":"/opt/airflow/plugins/hooks/minio_hook.py","lineno":2,"name":"<module>"}],"is_group":false,"exceptions":[]}]}
{"timestamp":"2026-04-10T12:30:59.639219Z","level":"error","event":"Error loading DAG from read_rss.py: No module named 'minio'","logger":"airflow.dag_processing.dagbag.BundleDagBag","filename":"dagbag.py","lineno":327}
{"timestamp":"2026-04-10T12:30:59.639319Z","level":"warning","event":"The `airflow.operators.python.PythonOperator` attribute is deprecated. Please use `'airflow.providers.standard.operators.python.PythonOperator'`.","category":"UserWarning","filename":"/opt/airflow/dags/read_rss.py","lineno":3,"logger":"py.warnings"}
{"timestamp":"2026-04-10T12:30:59.639364Z","level":"warning","event":"The `airflow.hooks.base.BaseHook` attribute is deprecated. Please use `'airflow.sdk.bases.hook.BaseHook'`.","category":"UserWarning","filename":"/opt/airflow/dags/../plugins/hooks/minio_hook.py","lineno":1,"logger":"py.warnings"}
{"timestamp":"2026-04-10T12:31:33.920580Z","level":"info","event":"Filling up the DagBag from /opt/airflow/dags/read_rss.py","logger":"airflow.dag_processing.dagbag.BundleDagBag","filename":"dagbag.py","lineno":469}
{"timestamp":"2026-04-10T12:31:33.955004Z","level":"warning","event":"The `airflow.operators.python.PythonOperator` attribute is deprecated. Please use `'airflow.providers.standard.operators.python.PythonOperator'`.","category":"UserWarning","filename":"/opt/airflow/dags/read_rss.py","lineno":3,"logger":"py.warnings"}
{"timestamp":"2026-04-10T12:32:04.365114Z","level":"info","event":"Filling up the DagBag from /opt/airflow/dags/read_rss.py","logger":"airflow.dag_processing.dagbag.BundleDagBag","filename":"dagbag.py","lineno":469}
{"timestamp":"2026-04-10T12:32:04.393467Z","level":"warning","event":"The `airflow.operators.python.PythonOperator` attribute is deprecated. Please use `'airflow.providers.standard.operators.python.PythonOperator'`.","category":"UserWarning","filename":"/opt/airflow/dags/read_rss.py","lineno":3,"logger":"py.warnings"}
{"timestamp":"2026-04-10T12:32:34.717903Z","level":"info","event":"Filling up the DagBag from /opt/airflow/dags/read_rss.py","logger":"airflow.dag_processing.dagbag.BundleDagBag","filename":"dagbag.py","lineno":469}
{"timestamp":"2026-04-10T12:32:34.743030Z","level":"warning","event":"The `airflow.operators.python.PythonOperator` attribute is deprecated. Please use `'airflow.providers.standard.operators.python.PythonOperator'`.","category":"UserWarning","filename":"/opt/airflow/dags/read_rss.py","lineno":3,"logger":"py.warnings"}
{"timestamp":"2026-04-10T12:33:05.252887Z","level":"info","event":"Filling up the DagBag from /opt/airflow/dags/read_rss.py","logger":"airflow.dag_processing.dagbag.BundleDagBag","filename":"dagbag.py","lineno":469}
{"timestamp":"2026-04-10T12:33:05.283466Z","level":"warning","event":"The `airflow.operators.python.PythonOperator` attribute is deprecated. Please use `'airflow.providers.standard.operators.python.PythonOperator'`.","category":"UserWarning","filename":"/opt/airflow/dags/read_rss.py","lineno":3,"logger":"py.warnings"}
{"timestamp":"2026-04-10T12:33:35.627284Z","level":"info","event":"Filling up the DagBag from /opt/airflow/dags/read_rss.py","logger":"airflow.dag_processing.dagbag.BundleDagBag","filename":"dagbag.py","lineno":469}
{"timestamp":"2026-04-10T12:33:35.656856Z","level":"warning","event":"The `airflow.operators.python.PythonOperator` attribute is deprecated. Please use `'airflow.providers.standard.operators.python.PythonOperator'`.","category":"UserWarning","filename":"/opt/airflow/dags/read_rss.py","lineno":3,"logger":"py.warnings"}
{"timestamp":"2026-04-10T12:34:05.976157Z","level":"info","event":"Filling up the DagBag from /opt/airflow/dags/read_rss.py","logger":"airflow.dag_processing.dagbag.BundleDagBag","filename":"dagbag.py","lineno":469}
{"timestamp":"2026-04-10T12:34:06.007779Z","level":"warning","event":"The `airflow.operators.python.PythonOperator` attribute is deprecated. Please use `'airflow.providers.standard.operators.python.PythonOperator'`.","category":"UserWarning","filename":"/opt/airflow/dags/read_rss.py","lineno":3,"logger":"py.warnings"}
{"timestamp":"2026-04-10T12:34:36.390460Z","level":"info","event":"Filling up the DagBag from /opt/airflow/dags/read_rss.py","logger":"airflow.dag_processing.dagbag.BundleDagBag","filename":"dagbag.py","lineno":469}
{"timestamp":"2026-04-10T12:34:36.428699Z","level":"warning","event":"The `airflow.operators.python.PythonOperator` attribute is deprecated. Please use `'airflow.providers.standard.operators.python.PythonOperator'`.","category":"UserWarning","filename":"/opt/airflow/dags/read_rss.py","lineno":3,"logger":"py.warnings"}
{"timestamp":"2026-04-10T12:35:06.850018Z","level":"info","event":"Filling up the DagBag from /opt/airflow/dags/read_rss.py","logger":"airflow.dag_processing.dagbag.BundleDagBag","filename":"dagbag.py","lineno":469}
{"timestamp":"2026-04-10T12:35:06.880055Z","level":"warning","event":"The `airflow.operators.python.PythonOperator` attribute is deprecated. Please use `'airflow.providers.standard.operators.python.PythonOperator'`.","category":"UserWarning","filename":"/opt/airflow/dags/read_rss.py","lineno":3,"logger":"py.warnings"}
{"timestamp":"2026-04-10T12:35:37.164104Z","level":"info","event":"Filling up the DagBag from /opt/airflow/dags/read_rss.py","logger":"airflow.dag_processing.dagbag.BundleDagBag","filename":"dagbag.py","lineno":469}
{"timestamp":"2026-04-10T12:35:37.204049Z","level":"warning","event":"The `airflow.operators.python.PythonOperator` attribute is deprecated. Please use `'airflow.providers.standard.operators.python.PythonOperator'`.","category":"UserWarning","filename":"/opt/airflow/dags/read_rss.py","lineno":3,"logger":"py.warnings"}
{"timestamp":"2026-04-10T12:36:07.610699Z","level":"info","event":"Filling up the DagBag from /opt/airflow/dags/read_rss.py","logger":"airflow.dag_processing.dagbag.BundleDagBag","filename":"dagbag.py","lineno":469}
{"timestamp":"2026-04-10T12:36:07.634018Z","level":"warning","event":"The `airflow.operators.python.PythonOperator` attribute is deprecated. Please use `'airflow.providers.standard.operators.python.PythonOperator'`.","category":"UserWarning","filename":"/opt/airflow/dags/read_rss.py","lineno":3,"logger":"py.warnings"}
{"timestamp":"2026-04-10T12:36:38.012399Z","level":"info","event":"Filling up the DagBag from /opt/airflow/dags/read_rss.py","logger":"airflow.dag_processing.dagbag.BundleDagBag","filename":"dagbag.py","lineno":469}
{"timestamp":"2026-04-10T12:36:38.033060Z","level":"warning","event":"The `airflow.operators.python.PythonOperator` attribute is deprecated. Please use `'airflow.providers.standard.operators.python.PythonOperator'`.","category":"UserWarning","filename":"/opt/airflow/dags/read_rss.py","lineno":3,"logger":"py.warnings"}
{"timestamp":"2026-04-10T12:37:08.345643Z","level":"info","event":"Filling up the DagBag from /opt/airflow/dags/read_rss.py","logger":"airflow.dag_processing.dagbag.BundleDagBag","filename":"dagbag.py","lineno":469}
{"timestamp":"2026-04-10T12:37:08.366417Z","level":"warning","event":"The `airflow.operators.python.PythonOperator` attribute is deprecated. Please use `'airflow.providers.standard.operators.python.PythonOperator'`.","category":"UserWarning","filename":"/opt/airflow/dags/read_rss.py","lineno":3,"logger":"py.warnings"}
{"timestamp":"2026-04-10T12:37:38.751944Z","level":"info","event":"Filling up the DagBag from /opt/airflow/dags/read_rss.py","logger":"airflow.dag_processing.dagbag.BundleDagBag","filename":"dagbag.py","lineno":469}
{"timestamp":"2026-04-10T12:37:38.780735Z","level":"warning","event":"The `airflow.operators.python.PythonOperator` attribute is deprecated. Please use `'airflow.providers.standard.operators.python.PythonOperator'`.","category":"UserWarning","filename":"/opt/airflow/dags/read_rss.py","lineno":3,"logger":"py.warnings"}
{"timestamp":"2026-04-10T12:38:09.137329Z","level":"info","event":"Filling up the DagBag from /opt/airflow/dags/read_rss.py","logger":"airflow.dag_processing.dagbag.BundleDagBag","filename":"dagbag.py","lineno":469}
{"timestamp":"2026-04-10T12:38:09.169154Z","level":"warning","event":"The `airflow.operators.python.PythonOperator` attribute is deprecated. Please use `'airflow.providers.standard.operators.python.PythonOperator'`.","category":"UserWarning","filename":"/opt/airflow/dags/read_rss.py","lineno":3,"logger":"py.warnings"}
{"timestamp":"2026-04-10T12:38:39.510108Z","level":"info","event":"Filling up the DagBag from /opt/airflow/dags/read_rss.py","logger":"airflow.dag_processing.dagbag.BundleDagBag","filename":"dagbag.py","lineno":469}
{"timestamp":"2026-04-10T12:38:39.540762Z","level":"warning","event":"The `airflow.operators.python.PythonOperator` attribute is deprecated. Please use `'airflow.providers.standard.operators.python.PythonOperator'`.","category":"UserWarning","filename":"/opt/airflow/dags/read_rss.py","lineno":3,"logger":"py.warnings"}
{"timestamp":"2026-04-10T12:39:09.941136Z","level":"info","event":"Filling up the DagBag from /opt/airflow/dags/read_rss.py","logger":"airflow.dag_processing.dagbag.BundleDagBag","filename":"dagbag.py","lineno":469}
{"timestamp":"2026-04-10T12:39:09.981229Z","level":"warning","event":"The `airflow.operators.python.PythonOperator` attribute is deprecated. Please use `'airflow.providers.standard.operators.python.PythonOperator'`.","category":"UserWarning","filename":"/opt/airflow/dags/read_rss.py","lineno":3,"logger":"py.warnings"}
{"timestamp":"2026-04-10T12:39:40.377344Z","level":"info","event":"Filling up the DagBag from /opt/airflow/dags/read_rss.py","logger":"airflow.dag_processing.dagbag.BundleDagBag","filename":"dagbag.py","lineno":469}
{"timestamp":"2026-04-10T12:39:40.413514Z","level":"warning","event":"The `airflow.operators.python.PythonOperator` attribute is deprecated. Please use `'airflow.providers.standard.operators.python.PythonOperator'`.","category":"UserWarning","filename":"/opt/airflow/dags/read_rss.py","lineno":3,"logger":"py.warnings"}
{"timestamp":"2026-04-10T12:40:10.841853Z","level":"info","event":"Filling up the DagBag from /opt/airflow/dags/read_rss.py","logger":"airflow.dag_processing.dagbag.BundleDagBag","filename":"dagbag.py","lineno":469}
{"timestamp":"2026-04-10T12:40:10.876023Z","level":"warning","event":"The `airflow.operators.python.PythonOperator` attribute is deprecated. Please use `'airflow.providers.standard.operators.python.PythonOperator'`.","category":"UserWarning","filename":"/opt/airflow/dags/read_rss.py","lineno":3,"logger":"py.warnings"}
{"timestamp":"2026-04-10T12:40:41.369270Z","level":"info","event":"Filling up the DagBag from /opt/airflow/dags/read_rss.py","logger":"airflow.dag_processing.dagbag.BundleDagBag","filename":"dagbag.py","lineno":469}
{"timestamp":"2026-04-10T12:40:41.420137Z","level":"warning","event":"The `airflow.operators.python.PythonOperator` attribute is deprecated. Please use `'airflow.providers.standard.operators.python.PythonOperator'`.","category":"UserWarning","filename":"/opt/airflow/dags/read_rss.py","lineno":3,"logger":"py.warnings"}
{"timestamp":"2026-04-10T12:41:11.746127Z","level":"info","event":"Filling up the DagBag from /opt/airflow/dags/read_rss.py","logger":"airflow.dag_processing.dagbag.BundleDagBag","filename":"dagbag.py","lineno":469}
{"timestamp":"2026-04-10T12:41:11.780473Z","level":"warning","event":"The `airflow.operators.python.PythonOperator` attribute is deprecated. Please use `'airflow.providers.standard.operators.python.PythonOperator'`.","category":"UserWarning","filename":"/opt/airflow/dags/read_rss.py","lineno":3,"logger":"py.warnings"}
{"timestamp":"2026-04-10T12:41:42.105734Z","level":"info","event":"Filling up the DagBag from /opt/airflow/dags/read_rss.py","logger":"airflow.dag_processing.dagbag.BundleDagBag","filename":"dagbag.py","lineno":469}
{"timestamp":"2026-04-10T12:41:42.158087Z","level":"warning","event":"The `airflow.operators.python.PythonOperator` attribute is deprecated. Please use `'airflow.providers.standard.operators.python.PythonOperator'`.","category":"UserWarning","filename":"/opt/airflow/dags/read_rss.py","lineno":3,"logger":"py.warnings"}
{"timestamp":"2026-04-10T12:42:12.518937Z","level":"info","event":"Filling up the DagBag from /opt/airflow/dags/read_rss.py","logger":"airflow.dag_processing.dagbag.BundleDagBag","filename":"dagbag.py","lineno":469}
{"timestamp":"2026-04-10T12:42:12.564128Z","level":"warning","event":"The `airflow.operators.python.PythonOperator` attribute is deprecated. Please use `'airflow.providers.standard.operators.python.PythonOperator'`.","category":"UserWarning","filename":"/opt/airflow/dags/read_rss.py","lineno":3,"logger":"py.warnings"}
{"timestamp":"2026-04-10T12:42:43.414414Z","level":"info","event":"Filling up the DagBag from /opt/airflow/dags/read_rss.py","logger":"airflow.dag_processing.dagbag.BundleDagBag","filename":"dagbag.py","lineno":469}
{"timestamp":"2026-04-10T12:42:43.575988Z","level":"error","event":"Failed to import: /opt/airflow/dags/read_rss.py","logger":"airflow.dag_processing.importers.python_importer","filename":"python_importer.py","lineno":244,"error_detail":[{"exc_type":"ImportError","exc_value":"cannot import name 'RSSArticleConsumerOperator' from 'operators.rss_consumer' (/opt/airflow/dags/../plugins/operators/rss_consumer.py)","exc_notes":[],"syntax_error":null,"is_cause":false,"frames":[{"filename":"/home/airflow/.local/lib/python3.14/site-packages/airflow/dag_processing/importers/python_importer.py","lineno":238,"name":"parse"},{"filename":"<frozen importlib._bootstrap_external>","lineno":759,"name":"exec_module"},{"filename":"<frozen importlib._bootstrap>","lineno":491,"name":"_call_with_frames_removed"},{"filename":"/opt/airflow/dags/read_rss.py","lineno":9,"name":"<module>"}],"is_group":false,"exceptions":[]}]}
{"timestamp":"2026-04-10T12:42:43.585991Z","level":"error","event":"Error loading DAG from read_rss.py: cannot import name 'RSSArticleConsumerOperator' from 'operators.rss_consumer' (/opt/airflow/dags/../plugins/operators/rss_consumer.py)","logger":"airflow.dag_processing.dagbag.BundleDagBag","filename":"dagbag.py","lineno":327}
{"timestamp":"2026-04-10T12:42:43.586324Z","level":"warning","event":"The `airflow.operators.python.PythonOperator` attribute is deprecated. Please use `'airflow.providers.standard.operators.python.PythonOperator'`.","category":"UserWarning","filename":"/opt/airflow/dags/read_rss.py","lineno":3,"logger":"py.warnings"}
{"timestamp":"2026-04-10T12:43:14.121308Z","level":"info","event":"Filling up the DagBag from /opt/airflow/dags/read_rss.py","logger":"airflow.dag_processing.dagbag.BundleDagBag","filename":"dagbag.py","lineno":469}
{"timestamp":"2026-04-10T12:43:14.156907Z","level":"error","event":"Failed to import: /opt/airflow/dags/read_rss.py","logger":"airflow.dag_processing.importers.python_importer","filename":"python_importer.py","lineno":244,"error_detail":[{"exc_type":"ImportError","exc_value":"cannot import name 'RSSArticleConsumerOperator' from 'operators.rss_consumer' (/opt/airflow/dags/../plugins/operators/rss_consumer.py)","exc_notes":[],"syntax_error":null,"is_cause":false,"frames":[{"filename":"/home/airflow/.local/lib/python3.14/site-packages/airflow/dag_processing/importers/python_importer.py","lineno":238,"name":"parse"},{"filename":"<frozen importlib._bootstrap_external>","lineno":759,"name":"exec_module"},{"filename":"<frozen importlib._bootstrap>","lineno":491,"name":"_call_with_frames_removed"},{"filename":"/opt/airflow/dags/read_rss.py","lineno":9,"name":"<module>"}],"is_group":false,"exceptions":[]}]}
{"timestamp":"2026-04-10T12:43:14.158280Z","level":"error","event":"Error loading DAG from read_rss.py: cannot import name 'RSSArticleConsumerOperator' from 'operators.rss_consumer' (/opt/airflow/dags/../plugins/operators/rss_consumer.py)","logger":"airflow.dag_processing.dagbag.BundleDagBag","filename":"dagbag.py","lineno":327}
{"timestamp":"2026-04-10T12:43:14.158410Z","level":"warning","event":"The `airflow.operators.python.PythonOperator` attribute is deprecated. Please use `'airflow.providers.standard.operators.python.PythonOperator'`.","category":"UserWarning","filename":"/opt/airflow/dags/read_rss.py","lineno":3,"logger":"py.warnings"}
{"timestamp":"2026-04-10T12:43:44.531984Z","level":"info","event":"Filling up the DagBag from /opt/airflow/dags/read_rss.py","logger":"airflow.dag_processing.dagbag.BundleDagBag","filename":"dagbag.py","lineno":469}
{"timestamp":"2026-04-10T12:43:44.556570Z","level":"error","event":"Failed to import: /opt/airflow/dags/read_rss.py","logger":"airflow.dag_processing.importers.python_importer","filename":"python_importer.py","lineno":244,"error_detail":[{"exc_type":"ImportError","exc_value":"cannot import name 'RSSArticleConsumerOperator' from 'operators.rss_consumer' (/opt/airflow/dags/../plugins/operators/rss_consumer.py)","exc_notes":[],"syntax_error":null,"is_cause":false,"frames":[{"filename":"/home/airflow/.local/lib/python3.14/site-packages/airflow/dag_processing/importers/python_importer.py","lineno":238,"name":"parse"},{"filename":"<frozen importlib._bootstrap_external>","lineno":759,"name":"exec_module"},{"filename":"<frozen importlib._bootstrap>","lineno":491,"name":"_call_with_frames_removed"},{"filename":"/opt/airflow/dags/read_rss.py","lineno":9,"name":"<module>"}],"is_group":false,"exceptions":[]}]}
{"timestamp":"2026-04-10T12:43:44.557664Z","level":"error","event":"Error loading DAG from read_rss.py: cannot import name 'RSSArticleConsumerOperator' from 'operators.rss_consumer' (/opt/airflow/dags/../plugins/operators/rss_consumer.py)","logger":"airflow.dag_processing.dagbag.BundleDagBag","filename":"dagbag.py","lineno":327}
{"timestamp":"2026-04-10T12:43:44.557774Z","level":"warning","event":"The `airflow.operators.python.PythonOperator` attribute is deprecated. Please use `'airflow.providers.standard.operators.python.PythonOperator'`.","category":"UserWarning","filename":"/opt/airflow/dags/read_rss.py","lineno":3,"logger":"py.warnings"}
{"timestamp":"2026-04-10T12:44:14.960928Z","level":"info","event":"Filling up the DagBag from /opt/airflow/dags/read_rss.py","logger":"airflow.dag_processing.dagbag.BundleDagBag","filename":"dagbag.py","lineno":469}
{"timestamp":"2026-04-10T12:44:14.984018Z","level":"error","event":"Failed to import: /opt/airflow/dags/read_rss.py","logger":"airflow.dag_processing.importers.python_importer","filename":"python_importer.py","lineno":244,"error_detail":[{"exc_type":"ImportError","exc_value":"cannot import name 'RSSArticleConsumerOperator' from 'operators.rss_consumer' (/opt/airflow/dags/../plugins/operators/rss_consumer.py)","exc_notes":[],"syntax_error":null,"is_cause":false,"frames":[{"filename":"/home/airflow/.local/lib/python3.14/site-packages/airflow/dag_processing/importers/python_importer.py","lineno":238,"name":"parse"},{"filename":"<frozen importlib._bootstrap_external>","lineno":759,"name":"exec_module"},{"filename":"<frozen importlib._bootstrap>","lineno":491,"name":"_call_with_frames_removed"},{"filename":"/opt/airflow/dags/read_rss.py","lineno":9,"name":"<module>"}],"is_group":false,"exceptions":[]}]}
{"timestamp":"2026-04-10T12:44:14.985157Z","level":"error","event":"Error loading DAG from read_rss.py: cannot import name 'RSSArticleConsumerOperator' from 'operators.rss_consumer' (/opt/airflow/dags/../plugins/operators/rss_consumer.py)","logger":"airflow.dag_processing.dagbag.BundleDagBag","filename":"dagbag.py","lineno":327}
{"timestamp":"2026-04-10T12:44:14.985264Z","level":"warning","event":"The `airflow.operators.python.PythonOperator` attribute is deprecated. Please use `'airflow.providers.standard.operators.python.PythonOperator'`.","category":"UserWarning","filename":"/opt/airflow/dags/read_rss.py","lineno":3,"logger":"py.warnings"}
{"timestamp":"2026-04-10T12:44:45.403490Z","level":"info","event":"Filling up the DagBag from /opt/airflow/dags/read_rss.py","logger":"airflow.dag_processing.dagbag.BundleDagBag","filename":"dagbag.py","lineno":469}
{"timestamp":"2026-04-10T12:44:45.431360Z","level":"error","event":"Failed to import: /opt/airflow/dags/read_rss.py","logger":"airflow.dag_processing.importers.python_importer","filename":"python_importer.py","lineno":244,"error_detail":[{"exc_type":"ImportError","exc_value":"cannot import name 'RSSArticleConsumerOperator' from 'operators.rss_consumer' (/opt/airflow/dags/../plugins/operators/rss_consumer.py)","exc_notes":[],"syntax_error":null,"is_cause":false,"frames":[{"filename":"/home/airflow/.local/lib/python3.14/site-packages/airflow/dag_processing/importers/python_importer.py","lineno":238,"name":"parse"},{"filename":"<frozen importlib._bootstrap_external>","lineno":759,"name":"exec_module"},{"filename":"<frozen importlib._bootstrap>","lineno":491,"name":"_call_with_frames_removed"},{"filename":"/opt/airflow/dags/read_rss.py","lineno":9,"name":"<module>"}],"is_group":false,"exceptions":[]}]}
{"timestamp":"2026-04-10T12:44:45.432495Z","level":"error","event":"Error loading DAG from read_rss.py: cannot import name 'RSSArticleConsumerOperator' from 'operators.rss_consumer' (/opt/airflow/dags/../plugins/operators/rss_consumer.py)","logger":"airflow.dag_processing.dagbag.BundleDagBag","filename":"dagbag.py","lineno":327}
{"timestamp":"2026-04-10T12:44:45.432611Z","level":"warning","event":"The `airflow.operators.python.PythonOperator` attribute is deprecated. Please use `'airflow.providers.standard.operators.python.PythonOperator'`.","category":"UserWarning","filename":"/opt/airflow/dags/read_rss.py","lineno":3,"logger":"py.warnings"}
{"timestamp":"2026-04-10T12:45:15.846964Z","level":"info","event":"Filling up the DagBag from /opt/airflow/dags/read_rss.py","logger":"airflow.dag_processing.dagbag.BundleDagBag","filename":"dagbag.py","lineno":469}
{"timestamp":"2026-04-10T12:45:15.869671Z","level":"error","event":"Failed to import: /opt/airflow/dags/read_rss.py","logger":"airflow.dag_processing.importers.python_importer","filename":"python_importer.py","lineno":244,"error_detail":[{"exc_type":"ImportError","exc_value":"cannot import name 'RSSArticleConsumerOperator' from 'operators.rss_consumer' (/opt/airflow/dags/../plugins/operators/rss_consumer.py)","exc_notes":[],"syntax_error":null,"is_cause":false,"frames":[{"filename":"/home/airflow/.local/lib/python3.14/site-packages/airflow/dag_processing/importers/python_importer.py","lineno":238,"name":"parse"},{"filename":"<frozen importlib._bootstrap_external>","lineno":759,"name":"exec_module"},{"filename":"<frozen importlib._bootstrap>","lineno":491,"name":"_call_with_frames_removed"},{"filename":"/opt/airflow/dags/read_rss.py","lineno":9,"name":"<module>"}],"is_group":false,"exceptions":[]}]}
{"timestamp":"2026-04-10T12:45:15.870999Z","level":"error","event":"Error loading DAG from read_rss.py: cannot import name 'RSSArticleConsumerOperator' from 'operators.rss_consumer' (/opt/airflow/dags/../plugins/operators/rss_consumer.py)","logger":"airflow.dag_processing.dagbag.BundleDagBag","filename":"dagbag.py","lineno":327}
{"timestamp":"2026-04-10T12:45:15.871134Z","level":"warning","event":"The `airflow.operators.python.PythonOperator` attribute is deprecated. Please use `'airflow.providers.standard.operators.python.PythonOperator'`.","category":"UserWarning","filename":"/opt/airflow/dags/read_rss.py","lineno":3,"logger":"py.warnings"}
{"timestamp":"2026-04-10T12:45:46.270888Z","level":"info","event":"Filling up the DagBag from /opt/airflow/dags/read_rss.py","logger":"airflow.dag_processing.dagbag.BundleDagBag","filename":"dagbag.py","lineno":469}
{"timestamp":"2026-04-10T12:45:46.304989Z","level":"error","event":"Failed to import: /opt/airflow/dags/read_rss.py","logger":"airflow.dag_processing.importers.python_importer","filename":"python_importer.py","lineno":244,"error_detail":[{"exc_type":"ImportError","exc_value":"cannot import name 'RSSArticleConsumerOperator' from 'operators.rss_consumer' (/opt/airflow/dags/../plugins/operators/rss_consumer.py)","exc_notes":[],"syntax_error":null,"is_cause":false,"frames":[{"filename":"/home/airflow/.local/lib/python3.14/site-packages/airflow/dag_processing/importers/python_importer.py","lineno":238,"name":"parse"},{"filename":"<frozen importlib._bootstrap_external>","lineno":759,"name":"exec_module"},{"filename":"<frozen importlib._bootstrap>","lineno":491,"name":"_call_with_frames_removed"},{"filename":"/opt/airflow/dags/read_rss.py","lineno":9,"name":"<module>"}],"is_group":false,"exceptions":[]}]}
{"timestamp":"2026-04-10T12:45:46.306424Z","level":"error","event":"Error loading DAG from read_rss.py: cannot import name 'RSSArticleConsumerOperator' from 'operators.rss_consumer' (/opt/airflow/dags/../plugins/operators/rss_consumer.py)","logger":"airflow.dag_processing.dagbag.BundleDagBag","filename":"dagbag.py","lineno":327}
{"timestamp":"2026-04-10T12:45:46.306577Z","level":"warning","event":"The `airflow.operators.python.PythonOperator` attribute is deprecated. Please use `'airflow.providers.standard.operators.python.PythonOperator'`.","category":"UserWarning","filename":"/opt/airflow/dags/read_rss.py","lineno":3,"logger":"py.warnings"}
{"timestamp":"2026-04-10T12:46:16.684138Z","level":"info","event":"Filling up the DagBag from /opt/airflow/dags/read_rss.py","logger":"airflow.dag_processing.dagbag.BundleDagBag","filename":"dagbag.py","lineno":469}
{"timestamp":"2026-04-10T12:46:16.708698Z","level":"error","event":"Failed to import: /opt/airflow/dags/read_rss.py","logger":"airflow.dag_processing.importers.python_importer","filename":"python_importer.py","lineno":244,"error_detail":[{"exc_type":"ImportError","exc_value":"cannot import name 'RSSArticleConsumerOperator' from 'operators.rss_consumer' (/opt/airflow/dags/../plugins/operators/rss_consumer.py)","exc_notes":[],"syntax_error":null,"is_cause":false,"frames":[{"filename":"/home/airflow/.local/lib/python3.14/site-packages/airflow/dag_processing/importers/python_importer.py","lineno":238,"name":"parse"},{"filename":"<frozen importlib._bootstrap_external>","lineno":759,"name":"exec_module"},{"filename":"<frozen importlib._bootstrap>","lineno":491,"name":"_call_with_frames_removed"},{"filename":"/opt/airflow/dags/read_rss.py","lineno":9,"name":"<module>"}],"is_group":false,"exceptions":[]}]}
{"timestamp":"2026-04-10T12:46:16.711249Z","level":"error","event":"Error loading DAG from read_rss.py: cannot import name 'RSSArticleConsumerOperator' from 'operators.rss_consumer' (/opt/airflow/dags/../plugins/operators/rss_consumer.py)","logger":"airflow.dag_processing.dagbag.BundleDagBag","filename":"dagbag.py","lineno":327}
{"timestamp":"2026-04-10T12:46:16.711407Z","level":"warning","event":"The `airflow.operators.python.PythonOperator` attribute is deprecated. Please use `'airflow.providers.standard.operators.python.PythonOperator'`.","category":"UserWarning","filename":"/opt/airflow/dags/read_rss.py","lineno":3,"logger":"py.warnings"}
{"timestamp":"2026-04-10T12:46:47.105126Z","level":"info","event":"Filling up the DagBag from /opt/airflow/dags/read_rss.py","logger":"airflow.dag_processing.dagbag.BundleDagBag","filename":"dagbag.py","lineno":469}
{"timestamp":"2026-04-10T12:46:47.135439Z","level":"warning","event":"The `airflow.operators.python.PythonOperator` attribute is deprecated. Please use `'airflow.providers.standard.operators.python.PythonOperator'`.","category":"UserWarning","filename":"/opt/airflow/dags/read_rss.py","lineno":3,"logger":"py.warnings"}
{"timestamp":"2026-04-10T12:47:17.532955Z","level":"info","event":"Filling up the DagBag from /opt/airflow/dags/read_rss.py","logger":"airflow.dag_processing.dagbag.BundleDagBag","filename":"dagbag.py","lineno":469}
{"timestamp":"2026-04-10T12:47:17.558215Z","level":"warning","event":"The `airflow.operators.python.PythonOperator` attribute is deprecated. Please use `'airflow.providers.standard.operators.python.PythonOperator'`.","category":"UserWarning","filename":"/opt/airflow/dags/read_rss.py","lineno":3,"logger":"py.warnings"}
{"timestamp":"2026-04-10T12:47:48.027119Z","level":"info","event":"Filling up the DagBag from /opt/airflow/dags/read_rss.py","logger":"airflow.dag_processing.dagbag.BundleDagBag","filename":"dagbag.py","lineno":469}
{"timestamp":"2026-04-10T12:47:48.076461Z","level":"warning","event":"The `airflow.operators.python.PythonOperator` attribute is deprecated. Please use `'airflow.providers.standard.operators.python.PythonOperator'`.","category":"UserWarning","filename":"/opt/airflow/dags/read_rss.py","lineno":3,"logger":"py.warnings"}
{"timestamp":"2026-04-10T12:48:18.484792Z","level":"info","event":"Filling up the DagBag from /opt/airflow/dags/read_rss.py","logger":"airflow.dag_processing.dagbag.BundleDagBag","filename":"dagbag.py","lineno":469}
{"timestamp":"2026-04-10T12:48:18.521892Z","level":"warning","event":"The `airflow.operators.python.PythonOperator` attribute is deprecated. Please use `'airflow.providers.standard.operators.python.PythonOperator'`.","category":"UserWarning","filename":"/opt/airflow/dags/read_rss.py","lineno":3,"logger":"py.warnings"}
{"timestamp":"2026-04-10T12:48:48.890156Z","level":"info","event":"Filling up the DagBag from /opt/airflow/dags/read_rss.py","logger":"airflow.dag_processing.dagbag.BundleDagBag","filename":"dagbag.py","lineno":469}
{"timestamp":"2026-04-10T12:48:48.919663Z","level":"warning","event":"The `airflow.operators.python.PythonOperator` attribute is deprecated. Please use `'airflow.providers.standard.operators.python.PythonOperator'`.","category":"UserWarning","filename":"/opt/airflow/dags/read_rss.py","lineno":3,"logger":"py.warnings"}
{"timestamp":"2026-04-10T12:49:19.288883Z","level":"info","event":"Filling up the DagBag from /opt/airflow/dags/read_rss.py","logger":"airflow.dag_processing.dagbag.BundleDagBag","filename":"dagbag.py","lineno":469}
{"timestamp":"2026-04-10T12:49:19.335070Z","level":"warning","event":"The `airflow.operators.python.PythonOperator` attribute is deprecated. Please use `'airflow.providers.standard.operators.python.PythonOperator'`.","category":"UserWarning","filename":"/opt/airflow/dags/read_rss.py","lineno":3,"logger":"py.warnings"}
{"timestamp":"2026-04-10T12:49:49.704474Z","level":"info","event":"Filling up the DagBag from /opt/airflow/dags/read_rss.py","logger":"airflow.dag_processing.dagbag.BundleDagBag","filename":"dagbag.py","lineno":469}
{"timestamp":"2026-04-10T12:49:49.743171Z","level":"warning","event":"The `airflow.operators.python.PythonOperator` attribute is deprecated. Please use `'airflow.providers.standard.operators.python.PythonOperator'`.","category":"UserWarning","filename":"/opt/airflow/dags/read_rss.py","lineno":3,"logger":"py.warnings"}
{"timestamp":"2026-04-10T12:50:20.079683Z","level":"info","event":"Filling up the DagBag from /opt/airflow/dags/read_rss.py","logger":"airflow.dag_processing.dagbag.BundleDagBag","filename":"dagbag.py","lineno":469}
{"timestamp":"2026-04-10T12:50:20.106371Z","level":"warning","event":"The `airflow.operators.python.PythonOperator` attribute is deprecated. Please use `'airflow.providers.standard.operators.python.PythonOperator'`.","category":"UserWarning","filename":"/opt/airflow/dags/read_rss.py","lineno":3,"logger":"py.warnings"}
{"timestamp":"2026-04-10T12:50:50.811622Z","level":"info","event":"Filling up the DagBag from /opt/airflow/dags/read_rss.py","logger":"airflow.dag_processing.dagbag.BundleDagBag","filename":"dagbag.py","lineno":469}
{"timestamp":"2026-04-10T12:50:50.888572Z","level":"warning","event":"The `airflow.operators.python.PythonOperator` attribute is deprecated. Please use `'airflow.providers.standard.operators.python.PythonOperator'`.","category":"UserWarning","filename":"/opt/airflow/dags/read_rss.py","lineno":3,"logger":"py.warnings"}
{"timestamp":"2026-04-10T12:51:21.334635Z","level":"info","event":"Filling up the DagBag from /opt/airflow/dags/read_rss.py","logger":"airflow.dag_processing.dagbag.BundleDagBag","filename":"dagbag.py","lineno":469}
{"timestamp":"2026-04-10T12:51:21.362322Z","level":"warning","event":"The `airflow.operators.python.PythonOperator` attribute is deprecated. Please use `'airflow.providers.standard.operators.python.PythonOperator'`.","category":"UserWarning","filename":"/opt/airflow/dags/read_rss.py","lineno":3,"logger":"py.warnings"}
{"timestamp":"2026-04-10T12:51:51.713355Z","level":"info","event":"Filling up the DagBag from /opt/airflow/dags/read_rss.py","logger":"airflow.dag_processing.dagbag.BundleDagBag","filename":"dagbag.py","lineno":469}
{"timestamp":"2026-04-10T12:51:51.740328Z","level":"warning","event":"The `airflow.operators.python.PythonOperator` attribute is deprecated. Please use `'airflow.providers.standard.operators.python.PythonOperator'`.","category":"UserWarning","filename":"/opt/airflow/dags/read_rss.py","lineno":3,"logger":"py.warnings"}
{"timestamp":"2026-04-10T12:52:22.263148Z","level":"info","event":"Filling up the DagBag from /opt/airflow/dags/read_rss.py","logger":"airflow.dag_processing.dagbag.BundleDagBag","filename":"dagbag.py","lineno":469}
{"timestamp":"2026-04-10T12:52:22.290635Z","level":"warning","event":"The `airflow.operators.python.PythonOperator` attribute is deprecated. Please use `'airflow.providers.standard.operators.python.PythonOperator'`.","category":"UserWarning","filename":"/opt/airflow/dags/read_rss.py","lineno":3,"logger":"py.warnings"}
{"timestamp":"2026-04-10T12:52:52.660234Z","level":"info","event":"Filling up the DagBag from /opt/airflow/dags/read_rss.py","logger":"airflow.dag_processing.dagbag.BundleDagBag","filename":"dagbag.py","lineno":469}
{"timestamp":"2026-04-10T12:52:52.685996Z","level":"warning","event":"The `airflow.operators.python.PythonOperator` attribute is deprecated. Please use `'airflow.providers.standard.operators.python.PythonOperator'`.","category":"UserWarning","filename":"/opt/airflow/dags/read_rss.py","lineno":3,"logger":"py.warnings"}
{"timestamp":"2026-04-10T12:53:23.096606Z","level":"info","event":"Filling up the DagBag from /opt/airflow/dags/read_rss.py","logger":"airflow.dag_processing.dagbag.BundleDagBag","filename":"dagbag.py","lineno":469}
{"timestamp":"2026-04-10T12:53:23.121022Z","level":"warning","event":"The `airflow.operators.python.PythonOperator` attribute is deprecated. Please use `'airflow.providers.standard.operators.python.PythonOperator'`.","category":"UserWarning","filename":"/opt/airflow/dags/read_rss.py","lineno":3,"logger":"py.warnings"}
{"timestamp":"2026-04-10T12:53:53.439203Z","level":"info","event":"Filling up the DagBag from /opt/airflow/dags/read_rss.py","logger":"airflow.dag_processing.dagbag.BundleDagBag","filename":"dagbag.py","lineno":469}
{"timestamp":"2026-04-10T12:53:53.465482Z","level":"warning","event":"The `airflow.operators.python.PythonOperator` attribute is deprecated. Please use `'airflow.providers.standard.operators.python.PythonOperator'`.","category":"UserWarning","filename":"/opt/airflow/dags/read_rss.py","lineno":3,"logger":"py.warnings"}
{"timestamp":"2026-04-10T12:54:23.839418Z","level":"info","event":"Filling up the DagBag from /opt/airflow/dags/read_rss.py","logger":"airflow.dag_processing.dagbag.BundleDagBag","filename":"dagbag.py","lineno":469}
{"timestamp":"2026-04-10T12:54:23.874532Z","level":"warning","event":"The `airflow.operators.python.PythonOperator` attribute is deprecated. Please use `'airflow.providers.standard.operators.python.PythonOperator'`.","category":"UserWarning","filename":"/opt/airflow/dags/read_rss.py","lineno":3,"logger":"py.warnings"}
{"timestamp":"2026-04-10T12:54:54.296048Z","level":"info","event":"Filling up the DagBag from /opt/airflow/dags/read_rss.py","logger":"airflow.dag_processing.dagbag.BundleDagBag","filename":"dagbag.py","lineno":469}
{"timestamp":"2026-04-10T12:54:54.327559Z","level":"warning","event":"The `airflow.operators.python.PythonOperator` attribute is deprecated. Please use `'airflow.providers.standard.operators.python.PythonOperator'`.","category":"UserWarning","filename":"/opt/airflow/dags/read_rss.py","lineno":3,"logger":"py.warnings"}
{"timestamp":"2026-04-10T12:55:24.853385Z","level":"info","event":"Filling up the DagBag from /opt/airflow/dags/read_rss.py","logger":"airflow.dag_processing.dagbag.BundleDagBag","filename":"dagbag.py","lineno":469}
{"timestamp":"2026-04-10T12:55:24.902833Z","level":"warning","event":"The `airflow.operators.python.PythonOperator` attribute is deprecated. Please use `'airflow.providers.standard.operators.python.PythonOperator'`.","category":"UserWarning","filename":"/opt/airflow/dags/read_rss.py","lineno":3,"logger":"py.warnings"}
{"timestamp":"2026-04-10T12:55:55.313887Z","level":"info","event":"Filling up the DagBag from /opt/airflow/dags/read_rss.py","logger":"airflow.dag_processing.dagbag.BundleDagBag","filename":"dagbag.py","lineno":469}
{"timestamp":"2026-04-10T12:55:55.342414Z","level":"warning","event":"The `airflow.operators.python.PythonOperator` attribute is deprecated. Please use `'airflow.providers.standard.operators.python.PythonOperator'`.","category":"UserWarning","filename":"/opt/airflow/dags/read_rss.py","lineno":3,"logger":"py.warnings"}
{"timestamp":"2026-04-10T12:56:25.673746Z","level":"info","event":"Filling up the DagBag from /opt/airflow/dags/read_rss.py","logger":"airflow.dag_processing.dagbag.BundleDagBag","filename":"dagbag.py","lineno":469}
{"timestamp":"2026-04-10T12:56:25.713009Z","level":"warning","event":"The `airflow.operators.python.PythonOperator` attribute is deprecated. Please use `'airflow.providers.standard.operators.python.PythonOperator'`.","category":"UserWarning","filename":"/opt/airflow/dags/read_rss.py","lineno":3,"logger":"py.warnings"}
{"timestamp":"2026-04-10T12:56:56.131052Z","level":"info","event":"Filling up the DagBag from /opt/airflow/dags/read_rss.py","logger":"airflow.dag_processing.dagbag.BundleDagBag","filename":"dagbag.py","lineno":469}
{"timestamp":"2026-04-10T12:56:56.166925Z","level":"warning","event":"The `airflow.operators.python.PythonOperator` attribute is deprecated. Please use `'airflow.providers.standard.operators.python.PythonOperator'`.","category":"UserWarning","filename":"/opt/airflow/dags/read_rss.py","lineno":3,"logger":"py.warnings"}
{"timestamp":"2026-04-10T12:57:26.515874Z","level":"info","event":"Filling up the DagBag from /opt/airflow/dags/read_rss.py","logger":"airflow.dag_processing.dagbag.BundleDagBag","filename":"dagbag.py","lineno":469}
{"timestamp":"2026-04-10T12:57:26.564708Z","level":"warning","event":"The `airflow.operators.python.PythonOperator` attribute is deprecated. Please use `'airflow.providers.standard.operators.python.PythonOperator'`.","category":"UserWarning","filename":"/opt/airflow/dags/read_rss.py","lineno":3,"logger":"py.warnings"}
{"timestamp":"2026-04-10T12:57:56.912486Z","level":"info","event":"Filling up the DagBag from /opt/airflow/dags/read_rss.py","logger":"airflow.dag_processing.dagbag.BundleDagBag","filename":"dagbag.py","lineno":469}
{"timestamp":"2026-04-10T12:57:56.988730Z","level":"warning","event":"The `airflow.operators.python.PythonOperator` attribute is deprecated. Please use `'airflow.providers.standard.operators.python.PythonOperator'`.","category":"UserWarning","filename":"/opt/airflow/dags/read_rss.py","lineno":3,"logger":"py.warnings"}
{"timestamp":"2026-04-10T12:58:27.453419Z","level":"info","event":"Filling up the DagBag from /opt/airflow/dags/read_rss.py","logger":"airflow.dag_processing.dagbag.BundleDagBag","filename":"dagbag.py","lineno":469}
{"timestamp":"2026-04-10T12:58:27.502890Z","level":"warning","event":"The `airflow.operators.python.PythonOperator` attribute is deprecated. Please use `'airflow.providers.standard.operators.python.PythonOperator'`.","category":"UserWarning","filename":"/opt/airflow/dags/read_rss.py","lineno":3,"logger":"py.warnings"}
